Antecedent,Consequent,support,confidence,coverage,lift,count,conviction,cosine
"{Cheeks=null,Head_Movement=TURN+sr} ", {Eyegaze=+sr},0.042809365,0.280087527,0.152842809,3.824026058,128,1.2873174,0.233576642
{Eyegaze=+sr} , {Head_Movement=TURN+sr},0.042809365,0.584474886,0.073244147,3.76633601,128,2.033128744,0.230630631
"{Cheeks=null,Eyegaze=+sr} ", {Head_Movement=TURN+sr},0.042809365,0.584474886,0.073244147,3.76633601,128,2.033128744,0.230630631
{Head_Movement=TURN+sr} , {Eyegaze=+sr},0.042809365,0.275862069,0.155183946,3.76633601,128,1.279805702,0.230630631
{Eyegaze=+dn} , {Head_Movement=TILT+forward},0.03277592,0.384313725,0.085284281,2.710136885,98,1.393881942,0.168674699
{Head_Movement=TILT+forward} , {Eyegaze=+dn},0.03277592,0.231132075,0.14180602,2.710136885,98,1.18969161,0.168674699
"{Cheeks=null,Head_Movement=TURN+sl} ", {Eyegaze=+sl},0.033779264,0.298816568,0.113043478,2.667049369,101,1.266373143,0.176573427
"{Cheeks=null,Eyegaze=+dn} ", {Head_Movement=TILT+forward},0.030769231,0.372469636,0.082608696,2.626613704,92,1.367573633,0.158894646
"{Cheeks=null,Head_Movement=TILT+forward} ", {Eyegaze=+dn},0.030769231,0.223844282,0.137458194,2.624683937,92,1.178520879,0.160278746
{Eyegaze=+sl} , {Head_Movement=TURN+sl},0.034448161,0.307462687,0.112040134,2.596930601,103,1.273007727,0.175767918
{Head_Movement=TURN+sl} , {Eyegaze=+sl},0.034448161,0.290960452,0.118394649,2.596930601,103,1.252341803,0.175767918
"{Cheeks=null,Eyegaze=+sl} ", {Head_Movement=TURN+sl},0.033779264,0.306990881,0.110033445,2.592945581,101,1.272141055,0.173539519
"{CA=null,Head_Movement=null} ", {Eyegaze=+camera},0.032107023,0.311688312,0.103010033,2.581573551,96,1.277421594,0.167539267
"{CA=null,Eye_Aperture=WD} ", {Eyebrows=Raised},0.030769231,0.613333333,0.050167224,2.554131848,92,1.965171261,0.118556701
"{CA=null,Eyegaze=+camera} ", {Head_Movement=null},0.032107023,0.300940439,0.106688963,2.374173911,96,1.249169879,0.159468439
"{Cheeks=null,Eyebrows=Furrowed} ", {Eye_Aperture=SQ+},0.030100334,0.111111111,0.27090301,2.356185973,90,1.071948161,0.104529617
"{Cheeks=null,Eye_Aperture=SQ+} ", {Eyebrows=Furrowed},0.030100334,0.642857143,0.046822742,2.338373306,90,2.030234114,0.103211009
{Eye_Aperture=SQ+} , {Eyebrows=Furrowed},0.030100334,0.638297872,0.047157191,2.321789098,90,2.004642927,0.103092784
{Eyebrows=Furrowed} , {Eye_Aperture=SQ+},0.030100334,0.109489051,0.274916388,2.321789098,90,1.069995614,0.103092784
"{Cheeks=null,Eyegaze=+camera} ", {Head_Movement=null},0.034113712,0.284916201,0.119732441,2.247755782,102,1.221177362,0.160629921
"{Cheeks=null,Head_Movement=null} ", {Eyegaze=+camera},0.034113712,0.26984127,0.126421405,2.234973398,102,1.204209684,0.160125589
{Eyegaze=+camera} , {Head_Movement=null},0.034113712,0.282548476,0.120735786,2.229076371,102,1.217147248,0.159874608
{Head_Movement=null} , {Eyegaze=+camera},0.034113712,0.269129288,0.126755853,2.229076371,102,1.203036596,0.159874608
{Eye_Aperture=WD} , {Eyebrows=Raised},0.048494983,0.516014235,0.093979933,2.148861507,145,1.570017706,0.169789227
{Eyebrows=Raised} , {Eye_Aperture=WD},0.048494983,0.201949861,0.240133779,2.148861507,145,1.135292161,0.169789227
"{Cheeks=null,Eye_Aperture=WD} ", {Eyebrows=Raised},0.046153846,0.513011152,0.089966555,2.136355635,138,1.56033598,0.16254417
"{Cheeks=null,Eyebrows=Raised} ", {Eye_Aperture=WD},0.046153846,0.2,0.230769231,2.128113879,138,1.132525084,0.165666267
"{CA=null,Eyebrows=Furrowed} ", {Eye_Aperture=SQ},0.040802676,0.289786223,0.140802676,2.063001923,122,1.210243733,0.169680111
"{CA=null,Eyebrows=Raised} ", {Eye_Aperture=WD},0.030769231,0.183632735,0.167558528,1.953956855,92,1.109819202,0.133333333
"{Cheeks=null,Eye_Aperture=SQ} ", {Eyebrows=Furrowed},0.07090301,0.520884521,0.136120401,1.894701603,212,1.513379642,0.208456244
"{ï..Body_Movement=null,CA=null} ", {Head_Movement=null},0.063879599,0.236386139,0.270234114,1.864893284,191,1.1435677,0.191767068
"{Cheeks=null,Eyebrows=Furrowed} ", {Eye_Aperture=SQ},0.07090301,0.261728395,0.27090301,1.863256908,212,1.164248722,0.208251473
"{ï..Body_Movement=null,Eyebrows=null} ", {Head_Movement=null},0.041471572,0.235741445,0.175919732,1.859807177,124,1.142603038,0.158770807
"{ï..Body_Movement=null,CA=null} ", {Eyegaze=+interlocutor1},0.033779264,0.125,0.270234114,1.859452736,101,1.066029623,0.11123348
{Eye_Aperture=SQ} , {Eyebrows=Furrowed},0.071571906,0.50952381,0.140468227,1.853377361,214,1.478325811,0.208171206
{Eyebrows=Furrowed} , {Eye_Aperture=SQ},0.071571906,0.260340633,0.274916388,1.853377361,214,1.162064337,0.208171206
"{ï..Body_Movement=null,Eye_Aperture=null} ", {Eyegaze=+sl},0.032441472,0.203781513,0.159197324,1.818826038,97,1.115221362,0.135854342
"{CA=null,Eyebrows=Raised} ", {Eyegaze=+camera},0.036120401,0.215568862,0.167558528,1.785459552,108,1.120894074,0.143236074
"{Eyebrows=null,Head_Movement=null} ", {ï..Body_Movement=null},0.041471572,0.656084656,0.063210702,1.77368275,124,1.832137896,0.1058924
"{CA=CA:BOY,Cheeks=null} ", {Eyebrows=Furrowed},0.043478261,0.485074627,0.089632107,1.764444202,130,1.408133391,0.135416667
{CA=CA:BOY} , {Eyebrows=Furrowed},0.044147157,0.48,0.091973244,1.745985401,132,1.394391562,0.136787565
{Eyebrows=Furrowed} , {CA=CA:BOY},0.044147157,0.160583942,0.274916388,1.745985401,132,1.081736222,0.136787565
"{Cheeks=null,Eyebrows=Furrowed} ", {CA=CA:BOY},0.043478261,0.160493827,0.27090301,1.745005612,130,1.081620106,0.136125654
"{ï..Body_Movement=null,Eyebrows=null} ", {Eye_Aperture=//},0.045150502,0.256653992,0.175919732,1.705323194,135,1.142803377,0.160523187
"{CA=null,Eyegaze=+interlocutor1} ", {ï..Body_Movement=null},0.033779264,0.627329193,0.053846154,1.6959442,101,1.690769231,0.086620926
"{Eye_Aperture=null,Head_Movement=null} ", {ï..Body_Movement=null},0.033779264,0.627329193,0.053846154,1.6959442,101,1.690769231,0.086620926
"{ï..Body_Movement=null,Cheeks=null} ", {Head_Movement=null},0.07826087,0.214482126,0.364882943,1.692088544,234,1.111679539,0.189320388
"{CA=null,Head_Movement=null} ", {ï..Body_Movement=null},0.063879599,0.62012987,0.103010033,1.676481294,191,1.658725667,0.156173344
"{ï..Body_Movement=null,Eye_Aperture=null} ", {Head_Movement=null},0.033779264,0.212184874,0.159197324,1.673965101,101,1.108437904,0.133952255
"{Cheeks=null,Head_Movement=null} ", {ï..Body_Movement=null},0.07826087,0.619047619,0.126421405,1.673555498,234,1.654013378,0.1872
"{Cheeks=null,Head_Movement=TILT+forward} ", {ï..Body_Movement=LEAN+forward},0.033779264,0.245742092,0.137458194,1.669929219,101,1.130704499,0.134666667
{Head_Movement=null} , {ï..Body_Movement=null},0.07826087,0.617414248,0.126755853,1.669139784,234,1.646951909,0.18705036
{ï..Body_Movement=null} , {Head_Movement=null},0.07826087,0.211573237,0.369899666,1.669139784,234,1.107578012,0.18705036
{Head_Movement=Headnod} , {ï..Body_Movement=null},0.031103679,0.61589404,0.050501672,1.665029999,93,1.640433629,0.079896907
{ï..Body_Movement=null} , {Head_Movement=Headnod},0.031103679,0.084086799,0.369899666,1.665029999,93,1.036668461,0.079896907
"{Cheeks=null,Head_Movement=Headnod} ", {ï..Body_Movement=null},0.030100334,0.612244898,0.04916388,1.655164778,90,1.624995599,0.077386071
"{Cheeks=null,Eyegaze=+interlocutor1} ", {ï..Body_Movement=null},0.039799331,0.61025641,0.065217391,1.64978903,119,1.616704805,0.100676819
"{ï..Body_Movement=LEAN+forward,Cheeks=null} ", {Head_Movement=TILT+forward},0.033779264,0.233796296,0.144481605,1.648705014,101,1.120059817,0.133774834
{Head_Movement=TILT+forward} , {ï..Body_Movement=LEAN+forward},0.034113712,0.240566038,0.14180602,1.634755575,102,1.122997985,0.133858268
{ï..Body_Movement=LEAN+forward} , {Head_Movement=TILT+forward},0.034113712,0.231818182,0.147157191,1.634755575,102,1.117175595,0.133858268
"{ï..Body_Movement=null,Cheeks=null} ", {Head_Movement=Headnod},0.030100334,0.082493126,0.364882943,1.633473149,90,1.034867808,0.078125
"{ï..Body_Movement=null,Cheeks=null} ", {Eyegaze=+interlocutor1},0.039799331,0.109074244,0.364882943,1.622547209,119,1.046973795,0.101449275
{Eyegaze=+interlocutor1} , {ï..Body_Movement=null},0.040133779,0.597014925,0.06722408,1.613991525,120,1.563582311,0.101095198
{ï..Body_Movement=null} , {Eyegaze=+interlocutor1},0.040133779,0.108499096,0.369899666,1.613991525,120,1.046298344,0.101095198
"{CA=null,Eye_Aperture=SQ} ", {Eyebrows=Furrowed},0.040802676,0.438848921,0.092976589,1.596299603,122,1.29213618,0.124744376
"{Cheeks=null,Eye_Aperture=CLOSED} ", {Eyebrows=null},0.033779264,0.737226277,0.045819398,1.550145267,101,1.995689335,0.069272977
"{Cheeks=null,Eyebrows=null} ", {Eye_Aperture=CLOSED},0.033779264,0.073082489,0.462207358,1.538849595,101,1.027608552,0.07097681
"{ï..Body_Movement=null,CA=null} ", {Eyegaze=+camera},0.050167224,0.185643564,0.270234114,1.537601821,150,1.079704384,0.14720314
{Eye_Aperture=CLOSED} , {Eyebrows=null},0.034448161,0.725352113,0.047491639,1.52517779,103,1.909407426,0.070499658
{Eyebrows=null} , {Eye_Aperture=CLOSED},0.034448161,0.072433193,0.475585284,1.52517779,103,1.026889226,0.070499658
"{ï..Body_Movement=null,Eyegaze=+sl} ", {Eye_Aperture=null},0.032441472,0.613924051,0.052842809,1.508326139,97,1.535906574,0.075899844
"{CA=null,Eyebrows=null} ", {Eye_Aperture=//},0.076254181,0.226190476,0.337123746,1.502910053,228,1.097813224,0.185365854
"{Eyegaze=+camera,Head_Movement=null} ", {CA=null},0.032107023,0.941176471,0.034113712,1.446103621,96,5.935785953,0.049180328
"{Cheeks=null,Eye_Aperture=null} ", {Eyegaze=+sl},0.064214047,0.161752317,0.396989967,1.443699782,192,1.059304886,0.144360902
"{Cheeks=null,Eyebrows=null} ", {Eye_Aperture=//},0.1,0.216353111,0.462207358,1.437546229,299,1.08403203,0.195042401
"{Cheeks=null,Eyegaze=+sl} ", {Eye_Aperture=null},0.064214047,0.583586626,0.110033445,1.4337913,192,1.424009472,0.141802068
"{CA=null,Eyebrows=Raised} ", {Head_Movement=null},0.030434783,0.181636727,0.167558528,1.432965204,91,1.067061751,0.115335868
"{ï..Body_Movement=null,CA=null} ", {Eye_Aperture=//},0.05819398,0.215346535,0.270234114,1.430858086,174,1.082641402,0.160516605
"{Cheeks=null,Eye_Aperture=//} ", {Eyebrows=null},0.1,0.678004535,0.147491639,1.42562135,299,1.628640068,0.191176471
{Eye_Aperture=//} , {Eyebrows=null},0.102006689,0.677777778,0.150501672,1.425144554,305,1.627493945,0.194639438
{Eyebrows=null} , {Eye_Aperture=//},0.102006689,0.214486639,0.475585284,1.425144554,305,1.081456242,0.194639438
"{ï..Body_Movement=null,Eyegaze=+camera} ", {CA=null},0.050167224,0.925925926,0.054180602,1.422671387,150,4.713712375,0.076608784
"{CA=null,Eye_Aperture=//} ", {Eyebrows=null},0.076254181,0.676557864,0.11270903,1.422579474,228,1.621355589,0.148922273
"{CA=null,Eyebrows=null} ", {Eyegaze=+interlocutor1},0.032107023,0.095238095,0.337123746,1.416725894,96,1.030962859,0.086253369
{Eyegaze=+sl} , {Eye_Aperture=null},0.064548495,0.576119403,0.112040134,1.41544537,193,1.398923642,0.142016188
{Eye_Aperture=null} , {Eyegaze=+sl},0.064548495,0.158586689,0.407023411,1.41544537,193,1.055319489,0.142016188
"{Cheeks=null,Eyebrows=Raised} ", {Eyegaze=+sl},0.036454849,0.157971014,0.230769231,1.409950249,109,1.054547862,0.118995633
"{CA=null,Eyegaze=+camera} ", {Eyebrows=Raised},0.036120401,0.338557994,0.106688963,1.409872425,108,1.148802485,0.116254037
"{ï..Body_Movement=LEAN+sl,Eyebrows=null} ", {Eye_Aperture=null},0.033110368,0.572254335,0.057859532,1.405949435,99,1.386283106,0.076684741
{Eyegaze=+sl} , {Eyebrows=Raised},0.037792642,0.337313433,0.112040134,1.404689644,113,1.146644973,0.120212766
{Eyebrows=Raised} , {Eyegaze=+sl},0.037792642,0.157381616,0.240133779,1.404689644,113,1.053810221,0.120212766
"{Cheeks=null,Eyebrows=Raised} ", {Eyegaze=+camera},0.039130435,0.169565217,0.230769231,1.404432133,117,1.058799839,0.125267666
"{ï..Body_Movement=LEAN+forward,Eye_Aperture=null} ", {Eyebrows=null},0.038795987,0.666666667,0.05819398,1.401781528,116,1.573244147,0.078378378
"{CA=null,Eye_Aperture=//} ", {ï..Body_Movement=null},0.05819398,0.516320475,0.11270903,1.395839258,174,1.302722777,0.137115839
"{Eyebrows=Raised,Eyegaze=+camera} ", {CA=null},0.036120401,0.907563025,0.039799331,1.394457063,108,3.777318334,0.05518651
"{CA=null,Eyegaze=+sl} ", {Eye_Aperture=null},0.033110368,0.565714286,0.058528428,1.389881441,99,1.365406619,0.076566125
"{Eyebrows=null,Eyegaze=+camera} ", {CA=null},0.053177258,0.903409091,0.058862876,1.388074605,159,3.614873106,0.080998472
"{CA=null,Cheeks=null} ", {Eyegaze=+camera},0.106354515,0.167456556,0.635117057,1.386967043,318,1.056118117,0.163748713
"{Eyebrows=Raised,Head_Movement=null} ", {CA=null},0.030434783,0.900990099,0.033779264,1.38435786,91,3.526555184,0.046523517
"{Cheeks=null,Eyegaze=+sl} ", {Eyebrows=Raised},0.036454849,0.331306991,0.110033445,1.379676745,109,1.136345394,0.116204691
{Eyegaze=+camera} , {Eyebrows=Raised},0.039799331,0.329639889,0.120735786,1.372734358,119,1.133519445,0.123958333
{Eyebrows=Raised} , {Eyegaze=+camera},0.039799331,0.165738162,0.240133779,1.372734358,119,1.053942747,0.123958333
"{Cheeks=null,Eyegaze=+camera} ", {CA=null},0.106354515,0.888268156,0.119732441,1.364810785,318,3.125016722,0.160120846
"{Cheeks=null,Eyegaze=+camera} ", {Eyebrows=Raised},0.039130435,0.326815642,0.119732441,1.360973219,117,1.12876393,0.122002086
"{Eye_Aperture=null,Eyegaze=+sl} ", {ï..Body_Movement=null},0.032441472,0.502590674,0.064548495,1.358721622,97,1.266764214,0.080698835
{Eyegaze=+camera} , {CA=null},0.106688963,0.88365651,0.120735786,1.357725059,319,3.001146679,0.160462777
{CA=null} , {Eyegaze=+camera},0.106688963,0.163926002,0.65083612,1.357725059,319,1.051658365,0.160462777
{Eyegaze=+sl & +dn} , {Eye_Aperture=null},0.056521739,0.546925566,0.103344482,1.343720167,169,1.308784042,0.124539425
{Eye_Aperture=null} , {Eyegaze=+sl & +dn},0.056521739,0.138866064,0.407023411,1.343720167,169,1.041249777,0.124539425
"{Cheeks=null,Eyegaze=+sl & +dn} ", {Eye_Aperture=null},0.053846154,0.543918919,0.098996656,1.336333252,161,1.300156076,0.11908284
"{Eyebrows=null,Head_Movement=null} ", {CA=null},0.054849498,0.867724868,0.063210702,1.333246328,164,2.63967893,0.083206494
"{ï..Body_Movement=null,Eye_Aperture=//} ", {Eyebrows=null},0.045150502,0.633802817,0.071237458,1.332679622,135,1.43205557,0.09
"{Eye_Aperture=null,Head_Movement=null} ", {Eyebrows=null},0.034113712,0.633540373,0.053846154,1.332127788,102,1.431029987,0.068872384
"{CA=null,Eyebrows=null} ", {Eyegaze=+dn},0.03812709,0.113095238,0.337123746,1.326097106,114,1.031357321,0.09921671
"{Eyebrows=null,Head_Movement=null} ", {Eye_Aperture=null},0.034113712,0.53968254,0.063210702,1.325925056,102,1.28819052,0.078220859
"{CA=null,Eyegaze=+sl & +dn} ", {Eye_Aperture=null},0.033110368,0.538043478,0.061538462,1.32189811,99,1.28361991,0.076036866
"{CA=null,Eye_Aperture=null} ", {Eyebrows=null},0.165886288,0.625472888,0.265217391,1.315164511,496,1.400204948,0.288539849
"{Cheeks=null,Eye_Aperture=null} ", {Eyegaze=+sl & +dn},0.053846154,0.135636057,0.396989967,1.312465409,161,1.037358772,0.120599251
"{CA=null,Head_Movement=TURN+sl} ", {Eye_Aperture=null},0.037458194,0.533333333,0.070234114,1.310325938,112,1.270664118,0.085171103
"{Eye_Aperture=null,Head_Movement=TURN+sr} ", {Eyebrows=null},0.037458194,0.622222222,0.060200669,1.308329426,112,1.3881566,0.075167785
"{CA=null,Eyebrows=null} ", {Eyegaze=+camera},0.053177258,0.157738095,0.337123746,1.30647342,159,1.04393207,0.131404959
"{CA=null,Eyegaze=+dn} ", {Eyebrows=null},0.03812709,0.619565217,0.061538462,1.302742616,114,1.378461538,0.076407507
"{Eye_Aperture=null,Head_Movement=TILT+forward} ", {Eyebrows=null},0.041137124,0.618090452,0.066555184,1.299641668,123,1.373138532,0.082109479
"{Cheeks=null,Eye_Aperture=//} ", {ï..Body_Movement=null},0.07090301,0.480725624,0.147491639,1.299610863,212,1.213424662,0.158801498
"{CA=null,Eye_Aperture=null} ", {Head_Movement=null},0.043478261,0.163934426,0.265217391,1.293308534,130,1.04446849,0.124760077
"{ï..Body_Movement=null,Eyegaze=+interlocutor1} ", {CA=null},0.033779264,0.841666667,0.040133779,1.293208291,101,2.205245555,0.051399491
"{ï..Body_Movement=null,Cheeks=null} ", {Eye_Aperture=//},0.07090301,0.19431714,0.364882943,1.291129443,212,1.054383021,0.159518435
"{CA=null,Eyebrows=null} ", {Head_Movement=null},0.054849498,0.162698413,0.337123746,1.283557398,164,1.042926659,0.134096484
"{Eyebrows=null,Eyegaze=+interlocutor1} ", {CA=null},0.032107023,0.834782609,0.038461538,1.282631038,96,2.113360324,0.048854962
"{Cheeks=null,Eyegaze=+sl} ", {ï..Body_Movement=null},0.052173913,0.474164134,0.110033445,1.281872296,156,1.198283295,0.121970289
{Eye_Aperture=//} , {ï..Body_Movement=null},0.071237458,0.473333333,0.150501672,1.279626281,213,1.19639304,0.158600149
{ï..Body_Movement=null} , {Eye_Aperture=//},0.071237458,0.192585895,0.369899666,1.279626281,213,1.052122229,0.158600149
{Eyegaze=+dn} , {Eyebrows=null},0.051839465,0.607843137,0.085284281,1.278094923,155,1.337257525,0.101839685
{Eyebrows=null} , {Eyegaze=+dn},0.051839465,0.109001406,0.475585284,1.278094923,155,1.026618589,0.101839685
"{ï..Body_Movement=null,Cheeks=null} ", {Eyegaze=+sl},0.052173913,0.142988084,0.364882943,1.276222006,156,1.036111459,0.122834646
"{CA=null,Cheeks=null} ", {Head_Movement=null},0.102675585,0.161664034,0.635117057,1.275396994,307,1.041639846,0.155758498
{Eyegaze=+sl} , {ï..Body_Movement=null},0.052842809,0.471641791,0.112040134,1.275053305,158,1.19256278,0.12314887
{ï..Body_Movement=null} , {Eyegaze=+sl},0.052842809,0.142857143,0.369899666,1.275053305,158,1.035953177,0.12314887
"{ï..Body_Movement=LEAN+forward,Eyebrows=null} ", {Eye_Aperture=null},0.038795987,0.517857143,0.074916388,1.272303087,116,1.229877369,0.08754717
"{CA=null,Eyegaze=+camera} ", {ï..Body_Movement=null},0.050167224,0.470219436,0.106688963,1.271208059,150,1.189360986,0.117647059
{Head_Movement=TURN+sl} , {Eye_Aperture=null},0.061204013,0.516949153,0.118394649,1.270072281,183,1.227565569,0.13184438
{Eye_Aperture=null} , {Head_Movement=TURN+sl},0.061204013,0.150369762,0.407023411,1.270072281,183,1.037634151,0.13184438
"{Eyebrows=null,Head_Movement=TURN+sr} ", {Eye_Aperture=null},0.037458194,0.516129032,0.072575251,1.268057359,112,1.22548495,0.084720121
"{ï..Body_Movement=null,Eyebrows=null} ", {CA=null},0.144816054,0.823193916,0.175919732,1.264825185,433,1.974840867,0.212359
"{Cheeks=null,Head_Movement=TURN+sl} ", {Eye_Aperture=null},0.05819398,0.514792899,0.113043478,1.264774667,174,1.222110286,0.125995655
"{Cheeks=null,Eyegaze=+sl} ", {Eyebrows=Furrowed},0.03812709,0.346504559,0.110033445,1.260399796,114,1.109546551,0.109932498
"{Eyebrows=null,Head_Movement=TILT+forward} ", {Eye_Aperture=null},0.041137124,0.5125,0.080267559,1.259141331,123,1.216362233,0.092203898
"{Cheeks=null,Eyebrows=Furrowed} ", {Eyegaze=+sl},0.03812709,0.140740741,0.27090301,1.256163626,114,1.033401568,0.11057226
"{ï..Body_Movement=null,Eye_Aperture=//} ", {CA=null},0.05819398,0.816901408,0.071237458,1.25515684,174,1.906971958,0.087657431
"{ï..Body_Movement=null,Head_Movement=null} ", {CA=null},0.063879599,0.816239316,0.07826087,1.254139546,191,1.900101112,0.096028155
"{CA=null,Eyegaze=+interlocutor1} ", {Eyebrows=null},0.032107023,0.596273292,0.053846154,1.25376733,96,1.298934911,0.064559516
"{Cheeks=null,Eyegaze=+dn} ", {Eyebrows=null},0.04916388,0.5951417,0.082608696,1.251387964,147,1.295304348,0.096583443
{Head_Movement=null} , {CA=null},0.103010033,0.812664908,0.126755853,1.24864752,308,1.863846625,0.152702033
{CA=null} , {Head_Movement=null},0.103010033,0.158273381,0.65083612,1.24864752,308,1.037443901,0.152702033
"{Cheeks=null,Head_Movement=null} ", {CA=null},0.102675585,0.812169312,0.126421405,1.247886045,307,1.858928824,0.152206247
"{Cheeks=null,Eyebrows=null} ", {Eyegaze=+dn},0.04916388,0.106367583,0.462207358,1.247212054,147,1.023592813,0.098657718
"{Eye_Aperture=null,Eyebrows=null} ", {Head_Movement=TILT+forward},0.041137124,0.176724138,0.23277592,1.246238614,123,1.04241363,0.12337011
"{Eye_Aperture=null,Head_Movement=null} ", {CA=null},0.043478261,0.807453416,0.053846154,1.240640141,130,1.813399504,0.065756196
"{Cheeks=null,Eye_Aperture=null} ", {Head_Movement=TURN+sl},0.05819398,0.146588037,0.396989967,1.238130596,174,1.033036083,0.127286028
{Eyegaze=+sl} , {Eyebrows=Furrowed},0.03812709,0.340298507,0.112040134,1.237825471,114,1.099108643,0.109300096
{Eyebrows=Furrowed} , {Eyegaze=+sl},0.03812709,0.138686131,0.274916388,1.237825471,114,1.030936455,0.109300096
"{ï..Body_Movement=null,Eyebrows=null} ", {Head_Movement=TILT+forward},0.030769231,0.174904943,0.175919732,1.233409857,92,1.040115284,0.107226107
{Eyegaze=+interlocutor1} , {CA=null},0.053846154,0.800995025,0.06722408,1.230716919,161,1.754548495,0.081067472
{CA=null} , {Eyegaze=+interlocutor1},0.053846154,0.082733813,0.65083612,1.230716919,161,1.01690865,0.081067472
"{CA=null,Head_Movement=null} ", {Eyebrows=Raised},0.030434783,0.295454545,0.103010033,1.230374778,91,1.078519797,0.097326203
"{Cheeks=null,Eyegaze=+interlocutor1} ", {Eyebrows=null},0.03812709,0.584615385,0.065217391,1.229254571,114,1.262479871,0.075848303
"{Cheeks=null,Eyebrows=null} ", {Eyegaze=+interlocutor1},0.03812709,0.082489146,0.462207358,1.227077348,114,1.016637477,0.077603812
"{ï..Body_Movement=null,Cheeks=null} ", {Eyegaze=+camera},0.053846154,0.147571036,0.364882943,1.222264257,161,1.031480922,0.124709527
"{Cheeks=null,Eyegaze=+interlocutor1} ", {CA=null},0.051839465,0.794871795,0.065217391,1.221308667,155,1.702173913,0.078046324
"{Cheeks=null,Eyegaze=+camera} ", {ï..Body_Movement=null},0.053846154,0.44972067,0.119732441,1.215790962,161,1.14505543,0.123561013
"{CA=null,Cheeks=null} ", {Eyegaze=+interlocutor1},0.051839465,0.081621906,0.635117057,1.214176616,155,1.015677449,0.079691517
{Eyegaze=+camera} , {ï..Body_Movement=null},0.054180602,0.448753463,0.120735786,1.213176178,162,1.143046335,0.124137931
{ï..Body_Movement=null} , {Eyegaze=+camera},0.054180602,0.146473779,0.369899666,1.213176178,162,1.030154895,0.124137931
"{ï..Body_Movement=null,Eyebrows=Raised} ", {CA=null},0.070234114,0.789473684,0.088963211,1.213014551,210,1.658528428,0.104895105
"{CA=null,Eyebrows=null} ", {Head_Movement=TILT+forward},0.057859532,0.171626984,0.337123746,1.210294063,173,1.035999439,0.137410643
"{CA=null,Eyebrows=null} ", {Eye_Aperture=null},0.165886288,0.492063492,0.337123746,1.208931669,496,1.167422659,0.286871024
"{CA=null,Eye_Aperture=null} ", {Eyegaze=+sl & +dn},0.033110368,0.124842371,0.265217391,1.208021646,99,1.024564591,0.098703888
"{Cheeks=null,Eyebrows=null} ", {Eye_Aperture=null},0.226755853,0.490593343,0.462207358,1.205319717,678,1.164053474,0.352941176
{Eyegaze=+interlocutor1} , {Eyebrows=null},0.038461538,0.572139303,0.06722408,1.203021461,115,1.225666952,0.076259947
{Eyebrows=null} , {Eyegaze=+interlocutor1},0.038461538,0.080872011,0.475585284,1.203021461,115,1.014848782,0.076259947
{Eye_Aperture=null} , {Eyebrows=null},0.23277592,0.57189811,0.407023411,1.20251431,696,1.224976409,0.358208955
{Eyebrows=null} , {Eye_Aperture=null},0.23277592,0.489451477,0.475585284,1.20251431,696,1.161450012,0.358208955
"{Cheeks=null,Eye_Aperture=null} ", {Eyebrows=null},0.226755853,0.571187869,0.396989967,1.201020905,678,1.22294748,0.351113413
"{Cheeks=null,Eyebrows=null} ", {Eyegaze=+sr & +dn},0.03812709,0.082489146,0.462207358,1.197293918,114,1.014814893,0.07734057
"{Eye_Aperture=//,Eyebrows=null} ", {ï..Body_Movement=null},0.045150502,0.442622951,0.102006689,1.196602733,135,1.130474129,0.105799373
{Eyegaze=+sr & +dn} , {Eyebrows=null},0.039130435,0.567961165,0.068896321,1.194236205,117,1.213813836,0.077432164
{Eyebrows=null} , {Eyegaze=+sr & +dn},0.039130435,0.082278481,0.475585284,1.194236205,117,1.01458194,0.077432164
"{ï..Body_Movement=null,Head_Movement=TILT+forward} ", {CA=null},0.04548495,0.777142857,0.058528428,1.194068419,136,1.566760998,0.068513854
"{CA=null,Eye_Aperture=null} ", {Head_Movement=TURN+sl},0.037458194,0.141235813,0.265217391,1.19292396,112,1.026597714,0.10821256
"{ï..Body_Movement=LEAN+sl,Cheeks=null} ", {Eye_Aperture=null},0.059866221,0.485094851,0.123411371,1.191810686,179,1.151622954,0.127221038
"{CA=null,Eye_Aperture=null} ", {Head_Movement=TILT+forward},0.044816054,0.168978562,0.265217391,1.191617693,134,1.032697763,0.123730379
{Head_Movement=TILT+forward} , {Eyebrows=null},0.080267559,0.566037736,0.14180602,1.190191864,240,1.20843391,0.149439601
{Eyebrows=null} , {Head_Movement=TILT+forward},0.080267559,0.168776371,0.475585284,1.190191864,240,1.032446565,0.149439601
"{Cheeks=null,Eye_Aperture=null} ", {ï..Body_Movement=LEAN+sl},0.059866221,0.150800337,0.396989967,1.189691313,179,1.028314288,0.129055516
"{ï..Body_Movement=null,CA=null} ", {Head_Movement=TILT+forward},0.04548495,0.168316832,0.270234114,1.186951242,136,1.031876095,0.124087591
"{Cheeks=null,Eyegaze=+sr & +dn} ", {Eyebrows=null},0.03812709,0.564356436,0.067558528,1.18665664,114,1.203770143,0.075496689
"{ï..Body_Movement=LEAN+sr,Eyebrows=null} ", {CA=null},0.037123746,0.770833333,0.048160535,1.184373929,111,1.523624202,0.056088934
"{Cheeks=null,Head_Movement=TILT+forward} ", {Eyebrows=null},0.077257525,0.562043796,0.137458194,1.181793916,231,1.197413601,0.144194757
"{ï..Body_Movement=null,Eyebrows=null} ", {Eye_Aperture=null},0.084615385,0.480988593,0.175919732,1.18172218,253,1.142511669,0.169798658
"{Cheeks=null,Head_Movement=Headnod} ", {CA=null},0.037792642,0.768707483,0.04916388,1.181107592,113,1.509620303,0.057070707
"{Eye_Aperture=null,Eyebrows=Furrowed} ", {ï..Body_Movement=null},0.046153846,0.436708861,0.105685619,1.18061437,138,1.118605088,0.107476636
"{Cheeks=null,Eyebrows=null} ", {Head_Movement=TILT+forward},0.077257525,0.167149059,0.462207358,1.178716244,231,1.030429262,0.146666667
"{CA=null,Head_Movement=TILT+forward} ", {ï..Body_Movement=null},0.04548495,0.435897436,0.104347826,1.178420735,136,1.116996047,0.106084243
"{CA=null,Cheeks=null} ", {Head_Movement=Headnod},0.037792642,0.059505003,0.635117057,1.178277867,113,1.00957297,0.058337636
"{ï..Body_Movement=LEAN+sl,CA=null} ", {Eye_Aperture=null},0.035117057,0.479452055,0.073244147,1.177947119,105,1.139139236,0.078888054
{Eyegaze=+sl & +dn} , {Eyebrows=Furrowed},0.033444816,0.323624595,0.103344482,1.177174623,100,1.07201357,0.09699321
{Eyebrows=Furrowed} , {Eyegaze=+sl & +dn},0.033444816,0.121654501,0.274916388,1.177174623,100,1.020846033,0.09699321
"{CA=null,Cheeks=null} ", {Head_Movement=TILT+backward},0.046488294,0.073196419,0.635117057,1.176652115,139,1.011856947,0.071428571
{Eyegaze=+dn} , {Eye_Aperture=null},0.040802676,0.478431373,0.085284281,1.175439444,122,1.136910001,0.09037037
{Eye_Aperture=null} , {Eyegaze=+dn},0.040802676,0.100246508,0.407023411,1.175439444,122,1.016629251,0.09037037
"{Cheeks=null,Eyegaze=+dn} ", {Eye_Aperture=null},0.039464883,0.477732794,0.082608696,1.173723133,118,1.135389282,0.087667162
"{Cheeks=null,Head_Movement=TILT+backward} ", {CA=null},0.046488294,0.763736264,0.060869565,1.173469388,139,1.477856421,0.069884364
"{CA=null,Cheeks=null} ", {Eye_Aperture=//},0.111705686,0.175882043,0.635117057,1.168638465,334,1.030797012,0.165756824
"{CA=null,Cheeks=null} ", {ï..Body_Movement=LEAN+sr},0.072909699,0.114797262,0.635117057,1.167495961,218,1.018605345,0.110379747
{ï..Body_Movement=LEAN+sl} , {Eye_Aperture=null},0.060200669,0.474934037,0.126755853,1.166846977,180,1.129337322,0.127118644
{Eye_Aperture=null} , {ï..Body_Movement=LEAN+sl},0.060200669,0.147904684,0.407023411,1.166846977,180,1.024819795,0.127118644
"{CA=null,Head_Movement=TILT+forward} ", {Eyebrows=null},0.057859532,0.554487179,0.104347826,1.165904829,173,1.177103535,0.110826393
"{Cheeks=null,Eye_Aperture=null} ", {Eyegaze=+dn},0.039464883,0.099410278,0.396989967,1.16563424,118,1.015685275,0.089123867
{ï..Body_Movement=LEAN+sr} , {CA=null},0.07458194,0.758503401,0.098327759,1.165429173,223,1.44583353,0.110560238
{CA=null} , {ï..Body_Movement=LEAN+sr},0.07458194,0.114594039,0.65083612,1.165429173,223,1.01837155,0.110560238
{Head_Movement=TILT+backward} , {CA=null},0.047157191,0.758064516,0.062207358,1.164754832,141,1.443210702,0.070818684
{CA=null} , {Head_Movement=TILT+backward},0.047157191,0.072456321,0.65083612,1.164754832,141,1.011049574,0.070818684
"{Cheeks=null,Eye_Aperture=//} ", {CA=null},0.111705686,0.757369615,0.147491639,1.163687126,334,1.439077298,0.162688748
"{ï..Body_Movement=LEAN+sr,Cheeks=null} ", {CA=null},0.072909699,0.756944444,0.09632107,1.163033859,218,1.436559962,0.108134921
"{Cheeks=null,Eye_Aperture=null} ", {Eyegaze=+sr & +dn},0.031772575,0.080033698,0.396989967,1.161654166,95,1.012106288,0.073189522
"{CA=null,Eyebrows=null} ", {ï..Body_Movement=null},0.144816054,0.429563492,0.337123746,1.161297325,433,1.104593282,0.257584771
{Head_Movement=Headnod} , {CA=null},0.03812709,0.754966887,0.050501672,1.159995372,114,1.424966103,0.057488654
{CA=null} , {Head_Movement=Headnod},0.03812709,0.058581706,0.65083612,1.159995372,114,1.008582831,0.057488654
{Eyegaze=+sr & +dn} , {Eye_Aperture=null},0.032441472,0.470873786,0.068896321,1.156871505,97,1.120671351,0.073152338
{Eye_Aperture=null} , {Eyegaze=+sr & +dn},0.032441472,0.079704191,0.407023411,1.156871505,97,1.011743908,0.073152338
"{ï..Body_Movement=LEAN+sl,Eye_Aperture=null} ", {Eyebrows=null},0.033110368,0.55,0.060200669,1.156469761,99,1.165366035,0.065868263
"{Eye_Aperture=null,Eyebrows=null} ", {Head_Movement=null},0.034113712,0.146551724,0.23277592,1.156173233,102,1.023195162,0.104830421
"{Cheeks=null,Eyegaze=+sr & +dn} ", {Eye_Aperture=null},0.031772575,0.47029703,0.067558528,1.155454494,95,1.11945113,0.071752266
"{Cheeks=null,Eyegaze=+sl & +dn} ", {Eyebrows=Furrowed},0.031438127,0.317567568,0.098996656,1.155142369,94,1.062498758,0.091796875
"{Cheeks=null,Eyebrows=Raised} ", {Head_Movement=null},0.033779264,0.146376812,0.230769231,1.154793316,101,1.022985503,0.104338843
{Head_Movement=TILT+forward} , {Eye_Aperture=null},0.066555184,0.469339623,0.14180602,1.153102277,199,1.117431438,0.138002774
{Eye_Aperture=null} , {Head_Movement=TILT+forward},0.066555184,0.163516845,0.407023411,1.153102277,199,1.025954886,0.138002774
{Eye_Aperture=//} , {CA=null},0.11270903,0.748888889,0.150501672,1.150656618,337,1.390475627,0.163671685
{CA=null} , {Eye_Aperture=//},0.11270903,0.173175745,0.65083612,1.150656618,337,1.027423086,0.163671685
"{Eye_Aperture=//,Eyebrows=null} ", {CA=null},0.076254181,0.747540984,0.102006689,1.148585581,228,1.383051731,0.112703905
"{ï..Body_Movement=LEAN+forward,CA=null} ", {Eyebrows=null},0.044147157,0.540983607,0.081605351,1.13751124,132,1.142474916,0.086049544
"{CA=null,Cheeks=null} ", {ï..Body_Movement=null},0.266889632,0.420221169,0.635117057,1.136040954,798,1.08679431,0.361576801
"{CA=null,Eyebrows=Raised} ", {ï..Body_Movement=null},0.070234114,0.419161677,0.167558528,1.133176685,210,1.084811916,0.150322119
"{Eye_Aperture=null,Eyebrows=null} ", {ï..Body_Movement=LEAN+forward},0.038795987,0.166666667,0.23277592,1.132575758,116,1.023411371,0.11372549
"{Cheeks=null,Head_Movement=TILT+forward} ", {ï..Body_Movement=null},0.057525084,0.418491484,0.137458194,1.131364862,172,1.083561663,0.127881041
{Head_Movement=TILT+forward} , {CA=null},0.104347826,0.735849057,0.14180602,1.13062111,312,1.321834687,0.151603499
{CA=null} , {Head_Movement=TILT+forward},0.104347826,0.16032888,0.65083612,1.13062111,312,1.02205966,0.151603499
"{Eyebrows=null,Eyegaze=+dn} ", {CA=null},0.03812709,0.735483871,0.051839465,1.130060007,114,1.320009789,0.057372924
"{Cheeks=null,Head_Movement=TILT+forward} ", {Eye_Aperture=null},0.063210702,0.459854015,0.137458194,1.129797456,189,1.097808009,0.131341209
"{ï..Body_Movement=null,CA=null} ", {Eyebrows=null},0.144816054,0.535891089,0.270234114,1.126803345,433,1.129938907,0.240957151
"{Cheeks=null,Head_Movement=TILT+forward} ", {CA=null},0.100668896,0.732360097,0.137458194,1.125260376,301,1.304603223,0.146400778
"{ï..Body_Movement=null,Cheeks=null} ", {CA=null},0.266889632,0.731439047,0.364882943,1.123845195,798,1.300128985,0.356409111
"{Cheeks=null,Eyebrows=Furrowed} ", {Eyegaze=+sl & +dn},0.031438127,0.116049383,0.27090301,1.122937393,94,1.014372863,0.091707317
"{Cheeks=null,Eye_Aperture=null} ", {Head_Movement=TILT+forward},0.063210702,0.159224937,0.396989967,1.122836229,189,1.02071769,0.132911392
{ï..Body_Movement=null} , {CA=null},0.270234114,0.730560579,0.369899666,1.122495442,808,1.295890103,0.360071301
{CA=null} , {ï..Body_Movement=null},0.270234114,0.415210689,0.65083612,1.122495442,808,1.077482646,0.360071301
"{Eye_Aperture=null,Eyebrows=null} ", {ï..Body_Movement=LEAN+sl},0.033110368,0.142241379,0.23277592,1.122168138,99,1.018053478,0.101434426
{Head_Movement=TURN+sl} , {Eyebrows=Furrowed},0.036454849,0.307909605,0.118394649,1.120011822,109,1.047671831,0.102155576
{Eyebrows=Furrowed} , {Head_Movement=TURN+sl},0.036454849,0.132603406,0.274916388,1.120011822,109,1.016380924,0.102155576
"{CA=null,Eyebrows=null} ", {ï..Body_Movement=LEAN+sr},0.037123746,0.110119048,0.337123746,1.119918205,111,1.013250411,0.093198992
"{CA=null,Head_Movement=null} ", {Eyebrows=null},0.054849498,0.532467532,0.103010033,1.119604727,164,1.121664809,0.104725415
"{Cheeks=null,Head_Movement=TURN+sl} ", {Eyebrows=Furrowed},0.034782609,0.307692308,0.113043478,1.119221411,104,1.047342995,0.098484848
"{CA=null,Cheeks=null} ", {Head_Movement=TILT+forward},0.100668896,0.158504476,0.635117057,1.117755621,301,1.019843785,0.148862512
"{ï..Body_Movement=null,Eye_Aperture=null} ", {Eyebrows=null},0.084615385,0.531512605,0.159197324,1.117596828,253,1.119378496,0.153799392
{Head_Movement=TILT+forward} , {ï..Body_Movement=null},0.058528428,0.412735849,0.14180602,1.115804872,175,1.072941935,0.129151292
{ï..Body_Movement=null} , {Head_Movement=TILT+forward},0.058528428,0.158227848,0.369899666,1.115804872,175,1.019508638,0.129151292
"{CA=null,Eye_Aperture=null} ", {Eyegaze=+sl},0.033110368,0.124842371,0.265217391,1.114264742,99,1.014628493,0.096209913
"{ï..Body_Movement=null,Head_Movement=null} ", {Eyebrows=null},0.041471572,0.52991453,0.07826087,1.114236599,124,1.115573123,0.080939948
"{ï..Body_Movement=LEAN+sl,Cheeks=null} ", {Eyebrows=Furrowed},0.037792642,0.306233062,0.123411371,1.113913451,113,1.04514005,0.104823748
"{Cheeks=null,Eyegaze=+dn} ", {CA=null},0.059866221,0.724696356,0.082608696,1.113485152,179,1.268286445,0.088877855
"{Cheeks=null,Head_Movement=null} ", {Eyebrows=Raised},0.033779264,0.267195767,0.126421405,1.112695465,101,1.036929355,0.101507538
"{ï..Body_Movement=null,Cheeks=null} ", {Head_Movement=TILT+forward},0.057525084,0.157653529,0.364882943,1.111754838,172,1.018813528,0.128071482
"{ï..Body_Movement=null,Eyebrows=Furrowed} ", {Eye_Aperture=null},0.046153846,0.452459016,0.102006689,1.111628972,138,1.082981195,0.099710983
"{CA=null,Eye_Aperture=null} ", {ï..Body_Movement=null},0.1090301,0.4110971,0.265217391,1.111374618,326,1.069956242,0.207247298
{Head_Movement=null} , {Eyebrows=Raised},0.033779264,0.266490765,0.126755853,1.109759593,101,1.035932725,0.101405622
{Eyebrows=Raised} , {Head_Movement=null},0.033779264,0.140668524,0.240133779,1.109759593,101,1.01619011,0.101405622
{Eyegaze=+dn} , {CA=null},0.061538462,0.721568627,0.085284281,1.108679443,184,1.254039286,0.091224591
{CA=null} , {Eyegaze=+dn},0.061538462,0.094552929,0.65083612,1.108679443,184,1.010236543,0.091224591
"{Eyebrows=null,Head_Movement=TILT+forward} ", {CA=null},0.057859532,0.720833333,0.080267559,1.107549675,173,1.250736285,0.085941381
"{ï..Body_Movement=null,Head_Movement=TILT+forward} ", {Eyebrows=null},0.030769231,0.525714286,0.058528428,1.105404862,92,1.105693678,0.061129568
"{CA=null,Cheeks=null} ", {Eyegaze=+dn},0.059866221,0.094260137,0.635117057,1.105246311,179,1.009909971,0.090632911
{ï..Body_Movement=LEAN+sl} , {Eyebrows=Furrowed},0.038461538,0.303430079,0.126755853,1.103717685,115,1.040934428,0.105893186
{Eyebrows=Furrowed} , {ï..Body_Movement=LEAN+sl},0.038461538,0.139902676,0.274916388,1.103717685,115,1.015285274,0.105893186
"{Cheeks=null,Eyebrows=Furrowed} ", {ï..Body_Movement=LEAN+sl},0.037792642,0.139506173,0.27090301,1.100589596,113,1.014817445,0.105018587
{Eyegaze=+interlocutor1} , {Eye_Aperture=null},0.030100334,0.447761194,0.06722408,1.100087075,90,1.073768417,0.067771084
{Eye_Aperture=null} , {Eyegaze=+interlocutor1},0.030100334,0.073952342,0.407023411,1.100087075,90,1.007265567,0.067771084
"{Cheeks=null,Eyebrows=null} ", {CA=null},0.329765886,0.713458755,0.462207358,1.096218745,986,1.218546671,0.421007686
"{Eye_Aperture=null,Eyebrows=null} ", {CA=null},0.165886288,0.712643678,0.23277592,1.094966391,496,1.215090301,0.231127679
"{CA=null,Cheeks=null} ", {Eyebrows=null},0.329765886,0.519220642,0.635117057,1.091750859,986,1.090759633,0.422269807
"{Cheeks=null,Eyebrows=null} ", {ï..Body_Movement=LEAN+forward},0.074247492,0.160636758,0.462207358,1.09159979,222,1.016059278,0.13875
{Eyebrows=null} , {CA=null},0.337123746,0.708860759,0.475585284,1.089153993,1008,1.199302021,0.427118644
{CA=null} , {Eyebrows=null},0.337123746,0.517985612,0.65083612,1.089153993,1008,1.087964858,0.427118644
"{Cheeks=null,Eye_Aperture=CLOSED} ", {CA=null},0.032441472,0.708029197,0.045819398,1.08787631,97,1.195886288,0.048841893
"{Cheeks=null,Eyebrows=Furrowed} ", {Head_Movement=TURN+sl},0.034782609,0.128395062,0.27090301,1.084466764,104,1.011473562,0.098113208
"{ï..Body_Movement=null,CA=null} ", {Eyebrows=Raised},0.070234114,0.25990099,0.270234114,1.082317494,210,1.026708874,0.159574468
"{ï..Body_Movement=LEAN+forward,Cheeks=null} ", {Eyebrows=null},0.074247492,0.513888889,0.144481605,1.080539928,222,1.078795987,0.136029412
"{Eye_Aperture=null,Eyebrows=Raised} ", {CA=null},0.046488294,0.702020202,0.066220736,1.078643579,139,1.171770308,0.069326683
"{CA=null,Cheeks=null} ", {Eye_Aperture=CLOSED},0.032441472,0.051079516,0.635117057,1.075547545,97,1.003781009,0.049897119
"{Cheeks=null,Eyebrows=null} ", {Head_Movement=null},0.062876254,0.136034732,0.462207358,1.073202769,188,1.010739876,0.119516847
{Eyebrows=Raised} , {CA=null},0.167558528,0.697771588,0.240133779,1.072115646,501,1.155297998,0.231622746
{CA=null} , {Eyebrows=Raised},0.167558528,0.257451182,0.65083612,1.072115646,501,1.023321568,0.231622746
{Eye_Aperture=CLOSED} , {CA=null},0.033110368,0.697183099,0.047491639,1.071211441,99,1.153052812,0.049773756
{CA=null} , {Eye_Aperture=CLOSED},0.033110368,0.050873587,0.65083612,1.071211441,99,1.003563222,0.049773756
"{Cheeks=null,Eyebrows=Raised} ", {CA=null},0.160869565,0.697101449,0.230769231,1.071085988,481,1.152741995,0.223201856
{ï..Body_Movement=LEAN+forward} , {Eyebrows=null},0.074916388,0.509090909,0.147157191,1.070451349,224,1.068252199,0.136752137
{Eyebrows=null} , {ï..Body_Movement=LEAN+forward},0.074916388,0.157524613,0.475585284,1.070451349,224,1.012305906,0.136752137
"{Cheeks=null,Eye_Aperture=null} ", {ï..Body_Movement=null},0.157190635,0.395956192,0.396989967,1.070442147,470,1.043136816,0.257816786
"{CA=null,Head_Movement=TURN+sr} ", {Eyebrows=null},0.049498328,0.508591065,0.097324415,1.069400341,148,1.06716561,0.09456869
{ï..Body_Movement=SHOULDERS+hunched} , {CA=null},0.032441472,0.692857143,0.046822742,1.064564675,97,1.136812631,0.048768225
"{Cheeks=null,Eye_Aperture=null} ", {Head_Movement=null},0.053511706,0.134793597,0.396989967,1.063411229,160,1.009289973,0.113798009
"{ï..Body_Movement=null,Head_Movement=null} ", {Eye_Aperture=null},0.033779264,0.431623932,0.07826087,1.060440062,101,1.043282118,0.074814815
{ï..Body_Movement=LEAN+forward} , {Eyebrows=Raised},0.037458194,0.254545455,0.147157191,1.060015194,112,1.019332735,0.10707457
{Eyebrows=Raised} , {ï..Body_Movement=LEAN+forward},0.037458194,0.155988858,0.240133779,1.060015194,112,1.010463923,0.10707457
"{ï..Body_Movement=SHOULDERS+hunched,Cheeks=null} ", {CA=null},0.031103679,0.688888889,0.045150502,1.058467512,93,1.12231247,0.046780684
"{ï..Body_Movement=null,Cheeks=null} ", {Eye_Aperture=null},0.157190635,0.430797434,0.364882943,1.058409471,470,1.041767243,0.255712731
{ï..Body_Movement=null} , {Eye_Aperture=null},0.159197324,0.430379747,0.369899666,1.057383273,476,1.041003344,0.257715214
{Eye_Aperture=null} , {ï..Body_Movement=null},0.159197324,0.391125719,0.407023411,1.057383273,476,1.034861143,0.257715214
"{CA=null,Head_Movement=TILT+forward} ", {Eye_Aperture=null},0.044816054,0.429487179,0.104347826,1.055190359,134,1.039374695,0.096057348
"{CA=null,Cheeks=null} ", {Eyebrows=Raised},0.160869565,0.253291206,0.635117057,1.054792069,481,1.017620559,0.225187266
"{ï..Body_Movement=null,Eye_Aperture=null} ", {Eyebrows=Furrowed},0.046153846,0.289915966,0.159197324,1.05456051,138,1.021123667,0.118965517
"{ï..Body_Movement=null,Head_Movement=TURN+sr} ", {CA=null},0.035785953,0.685897436,0.052173913,1.053871189,107,1.11162378,0.053634085
"{Cheeks=null,Eyebrows=Raised} ", {ï..Body_Movement=LEAN+forward},0.035785953,0.155072464,0.230769231,1.053787879,107,1.009367991,0.10459433
"{ï..Body_Movement=null,Eye_Aperture=null} ", {CA=null},0.1090301,0.68487395,0.159197324,1.052298617,326,1.108013378,0.155534351
"{Cheeks=null,Eyebrows=null} ", {Eyegaze=+camera},0.058528428,0.126628075,0.462207358,1.048803172,175,1.006746598,0.111607143
{Head_Movement=null} , {Eyebrows=null},0.063210702,0.498680739,0.126755853,1.048562172,189,1.046069354,0.117245658
{Eyebrows=null} , {Head_Movement=null},0.063210702,0.132911392,0.475585284,1.048562172,189,1.007099089,0.117245658
"{CA=null,Eyegaze=+camera} ", {Eyebrows=null},0.053177258,0.498432602,0.106688963,1.048040422,159,1.045551839,0.100505689
"{Eyebrows=null,Head_Movement=TURN+sr} ", {CA=null},0.049498328,0.68202765,0.072575251,1.04792532,148,1.0980951,0.073449132
"{ï..Body_Movement=LEAN+sr,CA=null} ", {Eyebrows=null},0.037123746,0.497757848,0.07458194,1.046621634,111,1.044147157,0.072359844
"{Cheeks=null,Head_Movement=null} ", {Eyebrows=null},0.062876254,0.497354497,0.126421405,1.045773521,188,1.043309277,0.11662531
"{CA=null,Eye_Aperture=null} ", {ï..Body_Movement=LEAN+sl},0.035117057,0.132408575,0.265217391,1.044595354,105,1.00651542,0.098406748
{Head_Movement=null} , {Eye_Aperture=null},0.053846154,0.424802111,0.126755853,1.043679796,161,1.03090884,0.112195122
{Eye_Aperture=null} , {Head_Movement=null},0.053846154,0.132292523,0.407023411,1.043679796,161,1.006380802,0.112195122
"{Cheeks=null,Head_Movement=null} ", {Eye_Aperture=null},0.053511706,0.423280423,0.126421405,1.039941221,160,1.028188764,0.111498258
"{Cheeks=null,Eyebrows=null} ", {ï..Body_Movement=LEAN+sr},0.047157191,0.102026049,0.462207358,1.037611861,141,1.004118483,0.091856678
"{CA=null,Head_Movement=null} ", {Eye_Aperture=null},0.043478261,0.422077922,0.103010033,1.036986842,130,1.026049378,0.093189964
"{Eye_Aperture=null,Eyebrows=null} ", {Head_Movement=TURN+sr},0.037458194,0.16091954,0.23277592,1.036959968,112,1.006835571,0.106870229
"{Cheeks=null,Eyebrows=Raised} ", {Head_Movement=TURN+sr},0.037123746,0.160869565,0.230769231,1.036637931,111,1.006775608,0.106423778
"{Eyebrows=null,Head_Movement=TILT+forward} ", {ï..Body_Movement=null},0.030769231,0.383333333,0.080267559,1.036317058,92,1.021784326,0.073365231
"{Eye_Aperture=null,Head_Movement=TILT+forward} ", {CA=null},0.044816054,0.673366834,0.066555184,1.034618106,134,1.068978647,0.066633516
"{CA=null,Eyebrows=Furrowed} ", {ï..Body_Movement=null},0.053846154,0.382422803,0.140802676,1.033855498,161,1.020277849,0.117862372
{Head_Movement=TURN+sr} , {Eyebrows=Raised},0.038461538,0.247844828,0.155183946,1.032111469,115,1.010251938,0.107778819
{Eyebrows=Raised} , {Head_Movement=TURN+sr},0.038461538,0.160167131,0.240133779,1.032111469,115,1.005933543,0.107778819
"{ï..Body_Movement=LEAN+forward,Cheeks=null} ", {Eyebrows=Raised},0.035785953,0.247685185,0.144481605,1.031446663,107,1.010037561,0.102588686
"{CA=null,Head_Movement=TURN+sl} ", {Eyebrows=null},0.034448161,0.49047619,0.070234114,1.031310696,103,1.029225143,0.06736429
{ï..Body_Movement=LEAN+sr} , {Eyebrows=null},0.048160535,0.489795918,0.098327759,1.029880307,144,1.027852843,0.091603053
{Eyebrows=null} , {ï..Body_Movement=LEAN+sr},0.048160535,0.101265823,0.475585284,1.029880307,144,1.003269113,0.091603053
"{ï..Body_Movement=LEAN+sr,Cheeks=null} ", {Eyebrows=null},0.047157191,0.489583333,0.09632107,1.02943331,141,1.027424749,0.089866157
"{ï..Body_Movement=null,Head_Movement=null} ", {Cheeks=null},0.07826087,1,0.07826087,1.028198074,234,NA,0.080467675
{Eyegaze=+sr} , {Cheeks=null},0.073244147,1,0.073244147,1.028198074,219,NA,0.075309491
{Cheeks=null} , {Eyegaze=+sr},0.073244147,0.075309491,0.972575251,1.028198074,219,1.002233552,0.075309491
"{CA=null,Eyegaze=+sr} ", {Cheeks=null},0.043478261,1,0.043478261,1.028198074,130,NA,0.044704264
"{Eyebrows=Furrowed,Head_Movement=TURN+sr} ", {Cheeks=null},0.043143813,1,0.043143813,1.028198074,129,NA,0.044360385
"{Eyegaze=+sr,Head_Movement=TURN+sr} ", {Cheeks=null},0.042809365,1,0.042809365,1.028198074,128,NA,0.044016506
"{Eyebrows=Furrowed,Eyegaze=+sl} ", {Cheeks=null},0.03812709,1,0.03812709,1.028198074,114,NA,0.039202201
"{Eyegaze=+camera,Head_Movement=null} ", {Cheeks=null},0.034113712,1,0.034113712,1.028198074,102,NA,0.035075653
"{Eyebrows=Raised,Head_Movement=null} ", {Cheeks=null},0.033779264,1,0.033779264,1.028198074,101,NA,0.034731774
"{Eyebrows=null,Eyegaze=+sr} ", {Cheeks=null},0.033110368,1,0.033110368,1.028198074,99,NA,0.034044017
"{Eye_Aperture=SQ+,Eyebrows=Furrowed} ", {Cheeks=null},0.030100334,1,0.030100334,1.028198074,90,NA,0.030949106
"{Cheeks=null,Eyegaze=+camera} ", {Eyebrows=null},0.058528428,0.488826816,0.119732441,1.027842601,175,1.025904198,0.109034268
"{Cheeks=null,Eye_Aperture=SQ} ", {CA=null},0.0909699,0.668304668,0.136120401,1.026840164,272,1.052664437,0.130706391
"{Cheeks=null,Head_Movement=TURN+sr} ", {Eyebrows=Furrowed},0.043143813,0.282275711,0.152842809,1.026769314,129,1.010253691,0.112173913
"{Cheeks=null,Eyebrows=Furrowed} ", {Head_Movement=TURN+sr},0.043143813,0.159259259,0.27090301,1.026261175,129,1.004847288,0.112663755
{Head_Movement=null} , {Cheeks=null},0.126421405,0.997361478,0.126755853,1.025485151,378,10.39397993,0.129941561
{Cheeks=null} , {Head_Movement=null},0.126421405,0.129986245,0.972575251,1.025485151,378,1.003713036,0.129941561
{Eyegaze=+camera} , {Eyebrows=null},0.058862876,0.487534626,0.120735786,1.02512555,176,1.023317364,0.109520846
{Eyebrows=null} , {Eyegaze=+camera},0.058862876,0.123769339,0.475585284,1.02512555,176,1.003462048,0.109520846
"{CA=null,Eyegaze=+camera} ", {Cheeks=null},0.106354515,0.996865204,0.106688963,1.024974883,318,8.748494983,0.109315916
"{CA=null,Head_Movement=null} ", {Cheeks=null},0.102675585,0.996753247,0.103010033,1.024859769,307,8.446822742,0.105534548
"{ï..Body_Movement=null,Eyebrows=Furrowed} ", {Cheeks=null},0.101672241,0.996721311,0.102006689,1.024826933,304,8.364548495,0.104503266
"{ï..Body_Movement=null,Eye_Aperture=//} ", {Cheeks=null},0.07090301,0.995305164,0.071237458,1.023370853,212,5.841471572,0.072877277
"{Eye_Aperture=null,Eyegaze=+sl} ", {Cheeks=null},0.064214047,0.994818653,0.064548495,1.022870623,192,5.292976589,0.066002063
"{Eyebrows=null,Head_Movement=null} ", {Cheeks=null},0.062876254,0.994708995,0.063210702,1.022757873,188,5.183277592,0.06462702
{Head_Movement=PUSH+forward} , {Cheeks=null},0.060869565,0.994535519,0.061204013,1.022579506,182,5.018729097,0.062564455
{Cheeks=null} , {Head_Movement=PUSH+forward},0.060869565,0.06258597,0.972575251,1.022579506,182,1.001474222,0.062564455
"{ï..Body_Movement=LEAN+sl,Eye_Aperture=null} ", {Cheeks=null},0.059866221,0.994444444,0.060200669,1.022485863,179,4.936454849,0.061533173
"{Eye_Aperture=null,Head_Movement=TURN+sr} ", {Cheeks=null},0.059866221,0.994444444,0.060200669,1.022485863,179,4.936454849,0.061533173
"{Eyebrows=null,Eyegaze=+camera} ", {Cheeks=null},0.058528428,0.994318182,0.058862876,1.02235604,175,4.826755853,0.06015813
"{ï..Body_Movement=null,Eyegaze=+camera} ", {Cheeks=null},0.053846154,0.99382716,0.054180602,1.021851173,161,4.442809365,0.05534548
"{Eye_Aperture=null,Head_Movement=null} ", {Cheeks=null},0.053511706,0.99378882,0.053846154,1.021811751,160,4.415384615,0.055001719
{Eye_Aperture=SQ+} , {Cheeks=null},0.046822742,0.992907801,0.047157191,1.020905889,140,3.866889632,0.048126504
"{CA=null,Cheeks=null} ", {Eye_Aperture=SQ},0.0909699,0.143233281,0.635117057,1.019684546,272,1.003227312,0.132877382
{Eyegaze=+camera} , {Cheeks=null},0.119732441,0.991689751,0.120735786,1.019653492,358,3.300111483,0.122981793
{Cheeks=null} , {Eyegaze=+camera},0.119732441,0.123108666,0.972575251,1.019653492,358,1.002706014,0.122981793
"{ï..Body_Movement=null,Eyegaze=+interlocutor1} ", {Cheeks=null},0.039799331,0.991666667,0.040133779,1.019629757,119,3.2909699,0.040907528
"{ï..Body_Movement=LEAN+sr,Eye_Aperture=null} ", {Cheeks=null},0.038795987,0.991452991,0.039130435,1.019410057,116,3.208695652,0.039876246
"{Eyebrows=null,Eyegaze=+interlocutor1} ", {Cheeks=null},0.03812709,0.991304348,0.038461538,1.019257221,114,3.153846154,0.039188725
"{CA=null,Head_Movement=Headnod} ", {Cheeks=null},0.037792642,0.99122807,0.03812709,1.019178793,113,3.126421405,0.038844964
"{CA=null,Eye_Aperture=//} ", {Cheeks=null},0.111705686,0.991097923,0.11270903,1.019044976,334,3.080713489,0.114737204
"{ï..Body_Movement=LEAN+forward,Eyebrows=null} ", {Cheeks=null},0.074247492,0.991071429,0.074916388,1.019017734,222,3.071571906,0.07628866
"{Eye_Aperture=SQ,Eyebrows=Furrowed} ", {Cheeks=null},0.07090301,0.990654206,0.071571906,1.018588746,212,2.934448161,0.072852234
"{Eyebrows=Furrowed,Head_Movement=TILT+forward} ", {Cheeks=null},0.034113712,0.990291262,0.034448161,1.018215569,102,2.824749164,0.035063596
"{ï..Body_Movement=LEAN+forward,Head_Movement=TILT+forward} ", {Cheeks=null},0.033779264,0.990196078,0.034113712,1.018117701,101,2.797324415,0.034719835
"{ï..Body_Movement=LEAN+forward,Eyebrows=Furrowed} ", {Cheeks=null},0.033444816,0.99009901,0.033779264,1.018017895,100,2.769899666,0.034376074
"{ï..Body_Movement=null,Head_Movement=TURN+sl} ", {Cheeks=null},0.033110368,0.99,0.033444816,1.017916094,99,2.742474916,0.034032314
"{Cheeks=null,Eyebrows=null} ", {ï..Body_Movement=null},0.173913043,0.376266281,0.462207358,1.017211735,520,1.010207265,0.264227642
{Eyegaze=null} , {Cheeks=null},0.030769231,0.989247312,0.031103679,1.017142181,92,2.550501672,0.031625988
{Eye_Aperture=SQ} , {CA=null},0.092976589,0.661904762,0.140468227,1.017006803,278,1.032738235,0.133141762
{CA=null} , {Eye_Aperture=SQ},0.092976589,0.142857143,0.65083612,1.017006803,278,1.002787068,0.133141762
"{ï..Body_Movement=null,Eyebrows=null} ", {Cheeks=null},0.173913043,0.988593156,0.175919732,1.016469579,520,2.404236343,0.178448868
"{ï..Body_Movement=LEAN+forward,Eye_Aperture=null} ", {Cheeks=null},0.057525084,0.988505747,0.05819398,1.016379706,172,2.385953177,0.059106529
"{CA=null,Eyebrows=Furrowed} ", {Cheeks=null},0.139130435,0.988123515,0.140802676,1.015986696,416,2.30916388,0.142808102
"{ï..Body_Movement=null,CA=null} ", {Cheeks=null},0.266889632,0.987623762,0.270234114,1.015472851,798,2.215919732,0.273474983
"{ï..Body_Movement=null,Eye_Aperture=null} ", {Cheeks=null},0.157190635,0.987394958,0.159197324,1.015237594,470,2.175696767,0.161290323
"{ï..Body_Movement=null,Eyegaze=+sl} ", {Cheeks=null},0.052173913,0.987341772,0.052842809,1.015182909,156,2.166555184,0.053608247
"{ï..Body_Movement=null,Head_Movement=TURN+sr} ", {Cheeks=null},0.051505017,0.987179487,0.052173913,1.015016048,154,2.139130435,0.052920962
"{Cheeks=null,Eyebrows=Raised} ", {ï..Body_Movement=null},0.086622074,0.375362319,0.230769231,1.014767932,259,1.008745315,0.168510085
"{Cheeks=null,Eyebrows=Furrowed} ", {ï..Body_Movement=null},0.101672241,0.375308642,0.27090301,1.014622821,304,1.008658638,0.188585608
"{ï..Body_Movement=LEAN+backward,Cheeks=null} ", {CA=null},0.034448161,0.66025641,0.052173913,1.014474135,103,1.027727646,0.051525763
{ï..Body_Movement=null} , {Cheeks=null},0.364882943,0.986437613,0.369899666,1.014253254,1091,2.022118172,0.373246664
{Cheeks=null} , {ï..Body_Movement=null},0.364882943,0.375171939,0.972575251,1.014253254,1091,1.00843796,0.373246664
"{CA=null,Head_Movement=TURN+sr} ", {Cheeks=null},0.095986622,0.986254296,0.097324415,1.014064767,287,1.995150502,0.098557692
"{Eyebrows=null,Head_Movement=TURN+sr} ", {Cheeks=null},0.071571906,0.986175115,0.072575251,1.013983354,214,1.983723523,0.073514256
"{CA=null,Head_Movement=TILT+backward} ", {Cheeks=null},0.046488294,0.985815603,0.047157191,1.013613704,139,1.933444816,0.047766323
"{ï..Body_Movement=null,Cheeks=null} ", {Eyebrows=Furrowed},0.101672241,0.278643446,0.364882943,1.013557062,304,1.005166735,0.188937228
{Eyebrows=Furrowed} , {Cheeks=null},0.27090301,0.98540146,0.274916388,1.013187883,810,1.878595318,0.27739726
{Cheeks=null} , {Eyebrows=Furrowed},0.27090301,0.278541953,0.972575251,1.013187883,810,1.005025331,0.27739726
{Head_Movement=TURN+sr} , {Cheeks=null},0.152842809,0.984913793,0.155183946,1.012686465,457,1.817869087,0.1567753
{Cheeks=null} , {Head_Movement=TURN+sr},0.152842809,0.157152682,0.972575251,1.012686465,457,1.002335815,0.1567753
{Head_Movement=TILT+sr} , {Cheeks=null},0.043478261,0.984848485,0.044147157,1.012619316,130,1.810033445,0.04467354
"{CA=CA:BOY,Eyebrows=Furrowed} ", {Cheeks=null},0.043478261,0.984848485,0.044147157,1.012619316,130,1.810033445,0.04467354
"{Cheeks=null,Head_Movement=TURN+sr} ", {Eyebrows=Raised},0.037123746,0.242888403,0.152842809,1.011471203,111,1.003638332,0.104323308
"{ï..Body_Movement=LEAN+forward,CA=null} ", {Cheeks=null},0.080267559,0.983606557,0.081605351,1.011342368,240,1.672909699,0.082417582
{Head_Movement=TURN+sr} , {Eyebrows=Furrowed},0.043143813,0.278017241,0.155183946,1.01127926,129,1.004294913,0.111495246
{Eyebrows=Furrowed} , {Head_Movement=TURN+sr},0.043143813,0.156934307,0.274916388,1.01127926,129,1.002076185,0.111495246
"{Eyebrows=Raised,Eyegaze=+camera} ", {Cheeks=null},0.039130435,0.983193277,0.039799331,1.010917434,117,1.631772575,0.040206186
"{ï..Body_Movement=null,Eye_Aperture=SQ} ", {Cheeks=null},0.039130435,0.983193277,0.039799331,1.010917434,117,1.631772575,0.040206186
"{CA=null,Eyegaze=+sl} ", {Cheeks=null},0.057525084,0.982857143,0.058528428,1.010571822,172,1.599777035,0.059086225
"{ï..Body_Movement=null,Head_Movement=TILT+forward} ", {Cheeks=null},0.057525084,0.982857143,0.058528428,1.010571822,172,1.599777035,0.059086225
"{ï..Body_Movement=LEAN+sl,Eyebrows=Furrowed} ", {Cheeks=null},0.037792642,0.982608696,0.038461538,1.010316369,113,1.576923077,0.038831615
{Eyegaze=+sl} , {Cheeks=null},0.110033445,0.982089552,0.112040134,1.009782586,329,1.531215162,0.112903226
{Cheeks=null} , {Eyegaze=+sl},0.110033445,0.113136176,0.972575251,1.009782586,329,1.001235863,0.112903226
{ï..Body_Movement=LEAN+forward} , {Cheeks=null},0.144481605,0.981818182,0.147157191,1.009503564,432,1.508361204,0.148148148
{Cheeks=null} , {ï..Body_Movement=LEAN+forward},0.144481605,0.148555708,0.972575251,1.009503564,432,1.001642524,0.148148148
"{ï..Body_Movement=LEAN+sl,CA=null} ", {Cheeks=null},0.071906355,0.98173516,0.073244147,1.009418201,215,1.501505017,0.073832418
"{CA=CA:BOY,Eye_Aperture=null} ", {Cheeks=null},0.034782609,0.981132075,0.035451505,1.008798111,104,1.453511706,0.035738832
"{ï..Body_Movement=LEAN+backward,CA=null} ", {Cheeks=null},0.034448161,0.980952381,0.035117057,1.008613349,103,1.439799331,0.035395189
{Eyegaze=+sr & +dn} , {Cheeks=null},0.067558528,0.980582524,0.068896321,1.008233063,202,1.412374582,0.069368132
{Cheeks=null} , {Eyegaze=+sr & +dn},0.067558528,0.069463549,0.972575251,1.008233063,202,1.000609571,0.069368132
"{Eye_Aperture=CLOSED,Eyebrows=null} ", {Cheeks=null},0.033779264,0.980582524,0.034448161,1.008233063,101,1.412374582,0.034707904
"{Eyegaze=+sl,Head_Movement=TURN+sl} ", {Cheeks=null},0.033779264,0.980582524,0.034448161,1.008233063,101,1.412374582,0.034707904
"{Eyebrows=null,Eyegaze=+sl} ", {Cheeks=null},0.033444816,0.980392157,0.034113712,1.008037328,100,1.398662207,0.034364261
"{Eye_Aperture=//,Eyebrows=null} ", {Cheeks=null},0.1,0.980327869,0.102006689,1.007971227,299,1.394091416,0.102608099
{Eye_Aperture=//} , {Cheeks=null},0.147491639,0.98,0.150501672,1.007634113,441,1.371237458,0.151182722
{Cheeks=null} , {Eye_Aperture=//},0.147491639,0.151650619,0.972575251,1.007634113,441,1.001354332,0.151182722
"{Eye_Aperture=null,Eyebrows=Raised} ", {Cheeks=null},0.064882943,0.97979798,0.066220736,1.007426396,194,1.357525084,0.066620879
"{CA=null,Eye_Aperture=CLOSED} ", {Cheeks=null},0.032441472,0.97979798,0.033110368,1.007426396,97,1.357525084,0.033333333
"{ï..Body_Movement=TWIST+sr,CA=null} ", {Cheeks=null},0.032441472,0.97979798,0.033110368,1.007426396,97,1.357525084,0.033333333
"{Eye_Aperture=null,Head_Movement=TURN+sr} ", {CA=null},0.039464883,0.655555556,0.060200669,1.007251342,118,1.013701586,0.05876494
{ï..Body_Movement=LEAN+sr} , {Cheeks=null},0.09632107,0.979591837,0.098327759,1.00721444,288,1.343812709,0.098833219
{Cheeks=null} , {ï..Body_Movement=LEAN+sr},0.09632107,0.099037139,0.972575251,1.00721444,288,1.000787357,0.098833219
"{ï..Body_Movement=null,Eyegaze=+sl & +dn} ", {Cheeks=null},0.032107023,0.979591837,0.03277592,1.00721444,96,1.343812709,0.032989691
"{Eye_Aperture=null,Eyegaze=+sr & +dn} ", {Cheeks=null},0.031772575,0.979381443,0.032441472,1.006998114,95,1.330100334,0.032646048
"{ï..Body_Movement=LEAN+sr,Eyebrows=null} ", {Cheeks=null},0.047157191,0.979166667,0.048160535,1.006777281,141,1.31638796,0.048436963
{Head_Movement=TILT+backward} , {Cheeks=null},0.060869565,0.978494624,0.062207358,1.006086288,182,1.275250836,0.0625
{Cheeks=null} , {Head_Movement=TILT+backward},0.060869565,0.06258597,0.972575251,1.006086288,182,1.00040389,0.0625
"{CA=null,Eye_Aperture=SQ} ", {Cheeks=null},0.0909699,0.978417266,0.092976589,1.006006749,272,1.270680045,0.093342485
"{CA=null,Eyebrows=null} ", {Cheeks=null},0.329765886,0.978174603,0.337123746,1.005757243,986,1.256552144,0.336518771
"{ï..Body_Movement=LEAN+sr,CA=null} ", {Cheeks=null},0.072909699,0.977578475,0.07458194,1.005144306,218,1.223143813,0.074836938
"{CA=CA:BOY,Eyebrows=null} ", {Cheeks=null},0.041137124,0.976190476,0.042140468,1.003717168,123,1.151839465,0.042253521
{CA=null} , {Cheeks=null},0.635117057,0.975847893,0.65083612,1.003364924,1899,1.135501316,0.642639594
{Cheeks=null} , {CA=null},0.635117057,0.653026135,0.972575251,1.003364924,1899,1.006311756,0.642639594
{Eyebrows=Furrowed} , {ï..Body_Movement=null},0.102006689,0.371046229,0.274916388,1.00309966,305,1.001822969,0.187923598
{ï..Body_Movement=null} , {Eyebrows=Furrowed},0.102006689,0.275768535,0.369899666,1.00309966,305,1.001176623,0.187923598
{Eye_Aperture=null} , {Cheeks=null},0.396989967,0.975349219,0.407023411,1.002852189,1187,1.112530658,0.404016338
{Cheeks=null} , {Eye_Aperture=null},0.396989967,0.408184319,0.972575251,1.002852189,1187,1.001961604,0.404016338
"{ï..Body_Movement=null,Cheeks=null} ", {Eyebrows=null},0.173913043,0.476626948,0.364882943,1.002190277,520,1.001990289,0.260913196
"{Eye_Aperture=null,Eyebrows=Furrowed} ", {Cheeks=null},0.103010033,0.974683544,0.105685619,1.002167743,308,1.083277592,0.105624143
{CA=CA:BOY} , {Cheeks=null},0.089632107,0.974545455,0.091973244,1.00202576,268,1.07740086,0.09193825
{Cheeks=null} , {CA=CA:BOY},0.089632107,0.09215956,0.972575251,1.00202576,268,1.00020523,0.09193825
"{Eyebrows=null,Eyegaze=+sr & +dn} ", {Cheeks=null},0.03812709,0.974358974,0.039130435,1.001834021,114,1.069565217,0.0391618
"{Eyebrows=null,Head_Movement=TURN+sl} ", {CA=null},0.034448161,0.651898734,0.052842809,1.00163269,103,1.0030526,0.051474263
"{Eye_Aperture=null,Eyebrows=null} ", {Cheeks=null},0.226755853,0.974137931,0.23277592,1.001606745,678,1.060423634,0.231715653
"{CA=null,Eyegaze=+sr & +dn} ", {Cheeks=null},0.037792642,0.974137931,0.038795987,1.001606745,113,1.060423634,0.038818276
{Eyebrows=Raised} , {ï..Body_Movement=null},0.088963211,0.370473538,0.240133779,1.001551426,266,1.000911593,0.170731707
{ï..Body_Movement=null} , {Eyebrows=Raised},0.088963211,0.240506329,0.369899666,1.001551426,266,1.000490524,0.170731707
{ï..Body_Movement=TWIST+sr} , {Cheeks=null},0.050167224,0.974025974,0.051505017,1.001491631,150,1.055852843,0.051510989
{Cheeks=null} , {ï..Body_Movement=TWIST+sr},0.050167224,0.051581843,0.972575251,1.001491631,150,1.000081005,0.051510989
{Eye_Aperture=null} , {CA=null},0.265217391,0.651602301,0.407023411,1.001177225,793,1.002199154,0.334599156
{CA=null} , {Eye_Aperture=null},0.265217391,0.407502569,0.65083612,1.001177225,793,1.000808709,0.334599156
"{ï..Body_Movement=null,Eyebrows=Raised} ", {Cheeks=null},0.086622074,0.973684211,0.088963211,1.00114023,259,1.042140468,0.088850772
"{CA=null,Cheeks=null} ", {ï..Body_Movement=LEAN+backward},0.034448161,0.054239073,0.635117057,1.00107919,103,1.000061824,0.052604699
{ï..Body_Movement=LEAN+sl} , {Cheeks=null},0.123411371,0.973614776,0.126755853,1.001068837,369,1.039397993,0.126456477
{Cheeks=null} , {ï..Body_Movement=LEAN+sl},0.123411371,0.126891334,0.972575251,1.001068837,369,1.000155171,0.126456477
{Head_Movement=Headnod} , {Cheeks=null},0.04916388,0.973509934,0.050501672,1.000961039,147,1.035284281,0.050480769
{Cheeks=null} , {Head_Movement=Headnod},0.04916388,0.050550206,0.972575251,1.000961039,147,1.000051118,0.050480769
"{CA=null,Eyegaze=+dn} ", {Cheeks=null},0.059866221,0.972826087,0.061538462,1.000257909,179,1.009230769,0.061448678
{ï..Body_Movement=null} , {Eyebrows=null},0.175919732,0.475587703,0.369899666,1.000005087,526,1.000004613,0.262737263
{Eyebrows=null} , {ï..Body_Movement=null},0.175919732,0.369901547,0.475585284,1.000005087,526,1.000002986,0.262737263
"{CA=null,Eye_Aperture=null} ", {Cheeks=null},0.257859532,0.972257251,0.265217391,0.999673033,771,0.988537549,0.263139932
{Eyebrows=null} , {Cheeks=null},0.462207358,0.971870605,0.475585284,0.999275484,1382,0.974949833,0.468792402
{Cheeks=null} , {Eyebrows=null},0.462207358,0.475240715,0.972575251,0.999275484,1382,0.999343377,0.468792402
"{ï..Body_Movement=LEAN+sl,CA=null} ", {Eyebrows=null},0.034782609,0.474885845,0.073244147,0.998529308,104,0.998668024,0.067664281
"{ï..Body_Movement=LEAN+sl,Eyebrows=null} ", {Cheeks=null},0.056187291,0.971098266,0.057859532,0.998481367,168,0.948896321,0.057672503
"{Cheeks=null,Eye_Aperture=null} ", {CA=null},0.257859532,0.649536647,0.396989967,0.998003378,771,0.996292128,0.32641829
"{Cheeks=null,Eyebrows=null} ", {Head_Movement=TURN+sr},0.071571906,0.154848046,0.462207358,0.997835471,214,0.999602556,0.131127451
{Cheeks=null} , {Eyegaze=+interlocutor1},0.065217391,0.067056396,0.972575251,0.997505594,195,0.999820263,0.066918325
{Eyegaze=+interlocutor1} , {Cheeks=null},0.065217391,0.970149254,0.06722408,0.997505594,195,0.918729097,0.066918325
"{CA=null,Cheeks=null} ", {Eye_Aperture=null},0.257859532,0.40600316,0.635117057,0.997493383,771,0.998282395,0.328784648
"{Eyebrows=null,Eyegaze=+sl & +dn} ", {Cheeks=null},0.042474916,0.969465649,0.043812709,0.996802713,127,0.898160535,0.043612637
{Head_Movement=TILT+forward} , {Cheeks=null},0.137458194,0.969339623,0.14180602,0.996673133,411,0.894468742,0.140705238
{Cheeks=null} , {Head_Movement=TILT+forward},0.137458194,0.14133425,0.972575251,0.996673133,411,0.999450578,0.140705238
{Cheeks=null} , {Eye_Aperture=SQ},0.136120401,0.139958735,0.972575251,0.996372896,407,0.999407595,0.139335844
{Eye_Aperture=SQ} , {Cheeks=null},0.136120401,0.969047619,0.140468227,0.996372896,407,0.886030358,0.139335844
"{CA=null,Head_Movement=TURN+sr} ", {Eye_Aperture=null},0.039464883,0.405498282,0.097324415,0.996252968,118,0.997434609,0.084892086
{Eyegaze=+dn} , {Cheeks=null},0.082608696,0.968627451,0.085284281,0.99594088,247,0.87416388,0.084705075
{Cheeks=null} , {Eyegaze=+dn},0.082608696,0.084938102,0.972575251,0.99594088,247,0.999621688,0.084705075
{ï..Body_Movement=LEAN+backward} , {CA=null},0.035117057,0.648148148,0.054180602,0.995869971,105,0.9923605,0.052421368
{CA=null} , {ï..Body_Movement=LEAN+backward},0.035117057,0.053956835,0.65083612,0.995869971,105,0.99976347,0.052421368
"{ï..Body_Movement=null,Head_Movement=Headnod} ", {Cheeks=null},0.030100334,0.967741935,0.031103679,0.995030394,90,0.850167224,0.030917211
"{Eye_Aperture=//,Eyebrows=Raised} ", {Cheeks=null},0.030100334,0.967741935,0.031103679,0.995030394,90,0.850167224,0.030917211
"{Eye_Aperture=null,Eyegaze=+dn} ", {Cheeks=null},0.039464883,0.967213115,0.040802676,0.994486662,118,0.836454849,0.040521978
"{CA=null,Head_Movement=TURN+sr} ", {ï..Body_Movement=null},0.035785953,0.367697595,0.097324415,0.994046842,107,0.996517377,0.082945736
"{Cheeks=null,Eye_Aperture=null} ", {ï..Body_Movement=LEAN+sr},0.038795987,0.097725358,0.396989967,0.993873539,116,0.999332353,0.084981685
"{ï..Body_Movement=TWIST+sr,Cheeks=null} ", {CA=null},0.032441472,0.646666667,0.050167224,0.993593696,97,0.988199659,0.048524262
"{Eyebrows=Raised,Head_Movement=TURN+sr} ", {Cheeks=null},0.037123746,0.965217391,0.038461538,0.992434663,111,0.788461538,0.038118132
{Eye_Aperture=CLOSED} , {Cheeks=null},0.045819398,0.964788732,0.047491639,0.991993917,137,0.778862876,0.047030553
"{CA=null,Head_Movement=TILT+forward} ", {Cheeks=null},0.100668896,0.96474359,0.104347826,0.991947501,301,0.777865613,0.103117506
"{Eyebrows=Raised,Eyegaze=+sl} ", {Cheeks=null},0.036454849,0.96460177,0.037792642,0.991801682,109,0.774749164,0.037431319
"{CA=null,Cheeks=null} ", {ï..Body_Movement=TWIST+sr},0.032441472,0.051079516,0.635117057,0.991738646,97,0.999551594,0.049591002
{ï..Body_Movement=SHOULDERS+hunched} , {Cheeks=null},0.045150502,0.964285714,0.046822742,0.991476714,135,0.767892977,0.046343975
"{ï..Body_Movement=null,CA=null} ", {Eye_Aperture=null},0.1090301,0.403465347,0.270234114,0.991258329,326,0.994035443,0.191877575
{ï..Body_Movement=LEAN+backward} , {Cheeks=null},0.052173913,0.962962963,0.054180602,0.990116664,156,0.740468227,0.05353466
{Cheeks=null} , {ï..Body_Movement=LEAN+backward},0.052173913,0.053645117,0.972575251,0.990116664,156,0.99943416,0.05353466
"{CA=null,Eyegaze=+interlocutor1} ", {Cheeks=null},0.051839465,0.962732919,0.053846154,0.989880134,155,0.735897436,0.053191489
"{Eyebrows=null,Head_Movement=TILT+forward} ", {Cheeks=null},0.077257525,0.9625,0.080267559,0.989640646,231,0.731326644,0.07919095
"{ï..Body_Movement=LEAN+sr,Cheeks=null} ", {Eye_Aperture=null},0.038795987,0.402777778,0.09632107,0.989569068,116,0.992891032,0.083513319
{ï..Body_Movement=LEAN+sl} , {Eyebrows=Raised},0.030100334,0.237467018,0.126755853,0.988894687,90,0.99650276,0.089374379
{Eyebrows=Raised} , {ï..Body_Movement=LEAN+sl},0.030100334,0.125348189,0.240133779,0.988894687,90,0.998390601,0.089374379
"{ï..Body_Movement=null,Cheeks=null} ", {Eyebrows=Raised},0.086622074,0.237396884,0.364882943,0.988602621,259,0.996411114,0.167096774
{Eyebrows=Raised} , {Cheeks=null},0.230769231,0.961002786,0.240133779,0.988101213,690,0.703248925,0.235013624
{Cheeks=null} , {Eyebrows=Raised},0.230769231,0.237276479,0.972575251,0.988101213,690,0.996253819,0.235013624
{ï..Body_Movement=TWIST+sr} , {CA=null},0.033110368,0.642857143,0.051505017,0.98774042,99,0.977658863,0.049475262
{CA=null} , {ï..Body_Movement=TWIST+sr},0.033110368,0.050873587,0.65083612,0.98774042,99,0.999334725,0.049475262
"{CA=null,Eyebrows=Raised} ", {Cheeks=null},0.160869565,0.96007984,0.167558528,0.987152243,481,0.686989967,0.164275956
{Head_Movement=TILT+sl} , {Cheeks=null},0.031438127,0.959183673,0.03277592,0.986230806,94,0.671906355,0.03228022
"{ï..Body_Movement=SHOULDERS+hunched,CA=null} ", {Cheeks=null},0.031103679,0.958762887,0.032441472,0.985798154,93,0.665050167,0.031936813
{Eyegaze=+sl & +dn} , {Cheeks=null},0.098996656,0.957928803,0.103344482,0.98494055,296,0.651865192,0.101335159
{Cheeks=null} , {Eyegaze=+sl & +dn},0.098996656,0.101788171,0.972575251,0.98494055,296,0.998267323,0.101335159
"{Cheeks=null,Eye_Aperture=null} ", {ï..Body_Movement=LEAN+forward},0.057525084,0.144903117,0.396989967,0.984682546,172,0.997363955,0.118213058
"{Cheeks=null,Head_Movement=TURN+sr} ", {Eyebrows=null},0.071571906,0.468271335,0.152842809,0.984621161,214,0.986244959,0.128528529
{Eye_Aperture=WD} , {Cheeks=null},0.089966555,0.957295374,0.093979933,0.98428926,269,0.64219621,0.092123288
{Cheeks=null} , {Eye_Aperture=WD},0.089966555,0.092503439,0.972575251,0.98428926,269,0.998373003,0.092123288
{Head_Movement=TURN+sr} , {Eyebrows=null},0.072575251,0.467672414,0.155183946,0.983361826,217,0.985135336,0.130017975
{Eyebrows=null} , {Head_Movement=TURN+sr},0.072575251,0.152601969,0.475585284,0.983361826,217,0.996953052,0.130017975
"{Eye_Aperture=null,Eyebrows=null} ", {ï..Body_Movement=null},0.084615385,0.363505747,0.23277592,0.982714452,253,0.989954476,0.163331181
"{ï..Body_Movement=LEAN+forward,Eyebrows=Raised} ", {Cheeks=null},0.035785953,0.955357143,0.037458194,0.982296375,107,0.614314381,0.036731892
{Head_Movement=TURN+sl} , {Cheeks=null},0.113043478,0.95480226,0.118394649,0.981725845,338,0.606772575,0.115595075
{Cheeks=null} , {Head_Movement=TURN+sl},0.113043478,0.116231087,0.972575251,0.981725845,338,0.997551892,0.115595075
"{Eyebrows=Furrowed,Head_Movement=TURN+sl} ", {Cheeks=null},0.034782609,0.95412844,0.036454849,0.981033025,104,0.597859532,0.035702025
"{Eye_Aperture=null,Eyegaze=+sl & +dn} ", {Cheeks=null},0.053846154,0.952662722,0.056521739,0.979525976,161,0.579347826,0.05521262
"{CA=null,Head_Movement=TURN+sl} ", {Cheeks=null},0.066889632,0.952380952,0.070234114,0.979236261,200,0.575919732,0.068540096
"{Eye_Aperture=WD,Eyebrows=Raised} ", {Cheeks=null},0.046153846,0.951724138,0.048494983,0.978560926,138,0.56808409,0.047341338
"{ï..Body_Movement=LEAN+forward,Cheeks=null} ", {Eye_Aperture=null},0.057525084,0.398148148,0.144481605,0.978194711,172,0.985253409,0.116452268
"{Cheeks=null,Eyebrows=null} ", {Eyegaze=+sr},0.033110368,0.071635311,0.462207358,0.978034613,99,0.998267022,0.065912117
"{CA=null,Eyegaze=+sl & +dn} ", {Cheeks=null},0.058528428,0.951086957,0.061538462,0.977905777,175,0.560683761,0.059993144
{ï..Body_Movement=LEAN+sr} , {Eye_Aperture=null},0.039130435,0.397959184,0.098327759,0.977730451,117,0.984944164,0.083931133
{Eye_Aperture=null} , {ï..Body_Movement=LEAN+sr},0.039130435,0.096138044,0.407023411,0.977730451,117,0.997577379,0.083931133
"{Eye_Aperture=null,Head_Movement=TURN+sl} ", {Cheeks=null},0.05819398,0.950819672,0.061204013,0.977630956,174,0.557636566,0.059650326
"{ï..Body_Movement=LEAN+forward,CA=null} ", {Eye_Aperture=null},0.032441472,0.397540984,0.081605351,0.976702992,97,0.98426046,0.07111437
"{Eye_Aperture=null,Head_Movement=TILT+forward} ", {Cheeks=null},0.063210702,0.949748744,0.066555184,0.976529829,189,0.545752508,0.064770391
"{Eyebrows=null,Eyegaze=+dn} ", {Cheeks=null},0.04916388,0.948387097,0.051839465,0.975129787,147,0.531354515,0.050411523
"{Eye_Aperture=WD,Eyebrows=Raised} ", {CA=null},0.030769231,0.634482759,0.048494983,0.974873303,92,0.955259671,0.046023012
"{CA=null,Cheeks=null} ", {Head_Movement=TURN+sr},0.095986622,0.151132175,0.635117057,0.973890523,287,0.995226852,0.138246628
"{CA=null,Eye_Aperture=WD} ", {Cheeks=null},0.047491639,0.946666667,0.050167224,0.973360844,142,0.514214047,0.048696845
"{Cheeks=null,Eye_Aperture=null} ", {Head_Movement=TURN+sr},0.059866221,0.150800337,0.396989967,0.971752172,179,0.994837952,0.121603261
{ï..Body_Movement=LEAN+forward} , {Eye_Aperture=null},0.05819398,0.395454545,0.147157191,0.971576903,174,0.98086353,0.117329737
{Eye_Aperture=null} , {ï..Body_Movement=LEAN+forward},0.05819398,0.142974528,0.407023411,0.971576903,174,0.995119558,0.117329737
{ï..Body_Movement=TWIST+sl} , {Cheeks=null},0.033779264,0.943925234,0.035785953,0.970542107,101,0.489074693,0.034660261
"{Eyebrows=null,Head_Movement=TURN+sl} ", {Cheeks=null},0.049832776,0.943037975,0.052842809,0.96962983,149,0.481456708,0.051079877
"{Cheeks=null,Eyebrows=null} ", {CA=CA:BOY},0.041137124,0.089001447,0.462207358,0.967688462,123,0.996737869,0.080182529
"{Eye_Aperture=SQ,Eyebrows=null} ", {Cheeks=null},0.037123746,0.940677966,0.039464883,0.967203273,111,0.462302914,0.038078902
"{Eyebrows=Furrowed,Eyegaze=+sl & +dn} ", {Cheeks=null},0.031438127,0.94,0.033444816,0.96650619,94,0.457079153,0.032258065
"{Eyegaze=+dn,Head_Movement=TILT+forward} ", {Cheeks=null},0.030769231,0.93877551,0.03277592,0.965247172,92,0.44793757,0.031571723
"{CA=CA:BOY,Cheeks=null} ", {Eyebrows=null},0.041137124,0.458955224,0.089632107,0.965032433,123,0.969263061,0.078493937
"{Cheeks=null,Head_Movement=TURN+sr} ", {CA=null},0.095986622,0.628008753,0.152842809,0.96492609,287,0.938634665,0.13563327
{Head_Movement=TURN+sr} , {CA=null},0.097324415,0.627155172,0.155183946,0.963614576,291,0.936485781,0.137328929
{CA=null} , {Head_Movement=TURN+sr},0.097324415,0.149537513,0.65083612,0.963614576,291,0.993360749,0.137328929
{CA=CA:BOY} , {Eyebrows=null},0.042140468,0.458181818,0.091973244,0.963406214,126,0.967879509,0.080203692
{Eyebrows=null} , {CA=CA:BOY},0.042140468,0.088607595,0.475585284,0.963406214,126,0.996307135,0.080203692
"{Cheeks=null,Head_Movement=TURN+sr} ", {Eye_Aperture=null},0.059866221,0.391684902,0.152842809,0.962315411,179,0.974785255,0.119732441
{Eyegaze=+sl & +up} , {Cheeks=null},0.038795987,0.935483871,0.041471572,0.961862715,116,0.425083612,0.039780521
{ï..Body_Movement=LEAN+sl} , {Eyebrows=null},0.057859532,0.45646438,0.126755853,0.959795004,173,0.964821249,0.106265356
{Eyebrows=null} , {ï..Body_Movement=LEAN+sl},0.057859532,0.121659634,0.475585284,0.959795004,173,0.9941979,0.106265356
"{Cheeks=null,Eyebrows=null} ", {ï..Body_Movement=LEAN+sl},0.056187291,0.121562952,0.462207358,0.959032262,168,0.994088477,0.105461394
"{CA=null,Eye_Aperture=null} ", {Head_Movement=TURN+sr},0.039464883,0.148802018,0.265217391,0.958875071,118,0.992502415,0.103599649
"{ï..Body_Movement=LEAN+sl,Cheeks=null} ", {Eyebrows=null},0.056187291,0.455284553,0.123411371,0.957314214,168,0.962731493,0.103512015
{CA=CA:WOMAN} , {Cheeks=null},0.045150502,0.931034483,0.048494983,0.957287862,135,0.397658863,0.046264565
{Eyegaze=+dn} , {ï..Body_Movement=null},0.030100334,0.352941176,0.085284281,0.954153813,90,0.973791426,0.070810386
{ï..Body_Movement=null} , {Eyegaze=+dn},0.030100334,0.081374322,0.369899666,0.954153813,90,0.995743686,0.070810386
"{CA=CA:BOY,Cheeks=null} ", {Eye_Aperture=null},0.034782609,0.388059701,0.089632107,0.953408798,104,0.969010523,0.075307748
{Head_Movement=TURN+sr} , {Eye_Aperture=null},0.060200669,0.387931034,0.155183946,0.953092681,180,0.968806821,0.119920053
{Eye_Aperture=null} , {Head_Movement=TURN+sr},0.060200669,0.147904684,0.407023411,0.953092681,180,0.99145722,0.119920053
"{Cheeks=null,Eye_Aperture=null} ", {CA=CA:BOY},0.034782609,0.087615838,0.396989967,0.952623114,104,0.995224154,0.076583211
{Eyegaze=+sr} , {Eyebrows=null},0.033110368,0.452054795,0.073244147,0.950523091,99,0.957056856,0.064202335
"{Cheeks=null,Eyegaze=+sr} ", {Eyebrows=null},0.033110368,0.452054795,0.073244147,0.950523091,99,0.957056856,0.064202335
{Eyebrows=null} , {Eyegaze=+sr},0.033110368,0.069620253,0.475585284,0.950523091,99,0.99610493,0.064202335
{CA=CA:BOY} , {Eye_Aperture=null},0.035451505,0.385454545,0.091973244,0.947008292,106,0.964902733,0.076479076
{Eye_Aperture=null} , {CA=CA:BOY},0.035451505,0.087099425,0.407023411,0.947008292,106,0.994661172,0.076479076
"{CA=null,Eyebrows=null} ", {Head_Movement=TURN+sr},0.049498328,0.146825397,0.337123746,0.946137794,148,0.990203002,0.111782477
{Eyebrows=Furrowed} , {Eye_Aperture=null},0.105685619,0.384428224,0.274916388,0.944486762,316,0.963293984,0.183401045
{Eye_Aperture=null} , {Eyebrows=Furrowed},0.105685619,0.259654889,0.407023411,0.944486762,316,0.979385967,0.183401045
"{Cheeks=null,Eye_Aperture=null} ", {Eyebrows=Furrowed},0.103010033,0.259477675,0.396989967,0.94384215,308,0.97915159,0.181069959
"{Eye_Aperture=null,Head_Movement=TURN+sl} ", {CA=null},0.037458194,0.612021858,0.061204013,0.940362464,112,0.899957605,0.055528012
{Head_Movement=TURN+sl} , {Eyebrows=null},0.052842809,0.446327684,0.118394649,0.938480854,158,0.947157191,0.097651422
{Eyebrows=null} , {Head_Movement=TURN+sl},0.052842809,0.111111111,0.475585284,0.938480854,158,0.99180602,0.097651422
"{CA=null,Cheeks=null} ", {Eyegaze=+sr},0.043478261,0.068457083,0.635117057,0.934642362,130,0.994861144,0.065392354
"{Cheeks=null,Eyebrows=Furrowed} ", {Eye_Aperture=null},0.103010033,0.380246914,0.27090301,0.934213863,308,0.956794894,0.179173938
"{Cheeks=null,Head_Movement=TURN+sl} ", {Eyebrows=null},0.049832776,0.440828402,0.113043478,0.926917667,149,0.93784219,0.092489137
"{ï..Body_Movement=LEAN+sl,Eyebrows=null} ", {CA=null},0.034782609,0.601156069,0.057859532,0.923667342,104,0.875439872,0.051612903
{Eyegaze=+sl & +dn} , {CA=null},0.061538462,0.595469256,0.103344482,0.914929637,184,0.86313311,0.088845968
{CA=null} , {Eyegaze=+sl & +dn},0.061538462,0.094552929,0.65083612,0.914929637,184,0.990290374,0.088845968
{Eyegaze=+sr} , {CA=null},0.043478261,0.593607306,0.073244147,0.912068779,130,0.859178535,0.063882064
"{Cheeks=null,Eyegaze=+sr} ", {CA=null},0.043478261,0.593607306,0.073244147,0.912068779,130,0.859178535,0.063882064
{CA=null} , {Eyegaze=+sr},0.043478261,0.0668037,0.65083612,0.912068779,130,0.993098508,0.063882064
{Head_Movement=TURN+sl} , {CA=null},0.070234114,0.593220339,0.118394649,0.91147421,210,0.858361204,0.100478469
{CA=null} , {Head_Movement=TURN+sl},0.070234114,0.107913669,0.65083612,0.91147421,210,0.98825116,0.100478469
"{Cheeks=null,Head_Movement=TURN+sr} ", {ï..Body_Movement=null},0.051505017,0.336980306,0.152842809,0.911004626,154,0.950349349,0.109297374
"{Cheeks=null,Eyebrows=null} ", {Head_Movement=TURN+sl},0.049832776,0.107814761,0.462207358,0.910638802,149,0.988141602,0.093887839
"{ï..Body_Movement=null,Cheeks=null} ", {Head_Movement=TURN+sr},0.051505017,0.141154904,0.364882943,0.909597332,154,0.983665223,0.109921485
"{Cheeks=null,Head_Movement=TURN+sl} ", {CA=null},0.066889632,0.591715976,0.113043478,0.90916278,200,0.855198488,0.09596929
{Head_Movement=TURN+sr} , {ï..Body_Movement=null},0.052173913,0.336206897,0.155183946,0.908913762,156,0.949242062,0.110325318
{ï..Body_Movement=null} , {Head_Movement=TURN+sr},0.052173913,0.141048825,0.369899666,0.908913762,156,0.983543742,0.110325318
"{Cheeks=null,Eyegaze=+sl & +dn} ", {CA=null},0.058528428,0.591216216,0.098996656,0.908394906,175,0.854152962,0.084663764
"{ï..Body_Movement=LEAN+forward,Eyebrows=null} ", {CA=null},0.044147157,0.589285714,0.074916388,0.905428718,132,0.850138142,0.064769382
"{Cheeks=null,Head_Movement=TILT+forward} ", {Eyebrows=Furrowed},0.034113712,0.248175182,0.137458194,0.902729678,102,0.9644316,0.090185676
"{Cheeks=null,Eyegaze=+sl & +dn} ", {Eyebrows=null},0.042474916,0.429054054,0.098996656,0.902160071,127,0.918501514,0.07982401
"{Eye_Aperture=null,Eyegaze=+sl & +dn} ", {CA=null},0.033110368,0.585798817,0.056521739,0.900071152,99,0.842981366,0.049107143
"{ï..Body_Movement=LEAN+sl,Eye_Aperture=null} ", {CA=null},0.035117057,0.583333333,0.060200669,0.896282974,105,0.837993311,0.051954478
"{ï..Body_Movement=LEAN+sl,Cheeks=null} ", {CA=null},0.071906355,0.582655827,0.123411371,0.895241995,215,0.836632932,0.102380952
"{CA=null,Cheeks=null} ", {ï..Body_Movement=LEAN+sl},0.071906355,0.113217483,0.635117057,0.893193335,215,0.984733156,0.104217159
"{CA=null,Eyebrows=Furrowed} ", {Eye_Aperture=null},0.051170569,0.363420428,0.140802676,0.892873524,153,0.931504268,0.103030303
"{CA=null,Cheeks=null} ", {Eyegaze=+sl & +dn},0.058528428,0.092153765,0.635117057,0.891714426,175,0.987673335,0.086079685
{Eyegaze=+sl & +dn} , {Eyebrows=null},0.043812709,0.42394822,0.103344482,0.891424176,131,0.910360377,0.081875
{Eyebrows=null} , {Eyegaze=+sl & +dn},0.043812709,0.092123769,0.475585284,0.891424176,131,0.987640703,0.081875
"{CA=null,Eyebrows=null} ", {ï..Body_Movement=LEAN+forward},0.044147157,0.130952381,0.337123746,0.889880952,132,0.98135337,0.100303951
"{CA=null,Cheeks=null} ", {Head_Movement=TURN+sl},0.066889632,0.105318589,0.635117057,0.889555312,200,0.985384674,0.097418412
"{Cheeks=null,Eyebrows=null} ", {Eyegaze=+sl & +dn},0.042474916,0.091895803,0.462207358,0.88921829,127,0.98739277,0.081202046
"{Cheeks=null,Eyebrows=Furrowed} ", {Head_Movement=TILT+forward},0.034113712,0.125925926,0.27090301,0.888015374,102,0.981832096,0.090106007
{ï..Body_Movement=LEAN+sl} , {CA=null},0.073244147,0.577836412,0.126755853,0.887837035,219,0.82708194,0.103988604
{CA=null} , {ï..Body_Movement=LEAN+sl},0.073244147,0.112538541,0.65083612,0.887837035,219,0.983979798,0.103988604
{Head_Movement=TILT+forward} , {Eyebrows=Furrowed},0.034448161,0.242924528,0.14180602,0.883630583,103,0.95774284,0.090113736
{Eyebrows=Furrowed} , {Head_Movement=TILT+forward},0.034448161,0.125304136,0.274916388,0.883630583,103,0.981134147,0.090113736
"{Cheeks=null,Eyegaze=+sl & +dn} ", {ï..Body_Movement=null},0.032107023,0.324324324,0.098996656,0.876789991,96,0.932548495,0.073506891
"{Eye_Aperture=SQ,Eyebrows=Furrowed} ", {CA=null},0.040802676,0.570093458,0.071571906,0.875940102,122,0.812185546,0.05986261
"{Cheeks=null,Eyebrows=Raised} ", {Eye_Aperture=//},0.030100334,0.130434783,0.230769231,0.866666667,90,0.976923077,0.085714286
{Eyegaze=+sr & +dn} , {CA=null},0.038795987,0.563106796,0.068896321,0.865205201,116,0.799197324,0.05697446
{CA=null} , {Eyegaze=+sr & +dn},0.038795987,0.059609455,0.65083612,0.865205201,116,0.990124459,0.05697446
"{CA=null,Cheeks=null} ", {Eyegaze=+sr & +dn},0.037792642,0.059505003,0.635117057,0.863689116,113,0.990014494,0.056726908
"{CA=null,Eyebrows=null} ", {Head_Movement=TURN+sl},0.034448161,0.10218254,0.337123746,0.863067214,103,0.981942756,0.081810961
{Eye_Aperture=//} , {Eyebrows=Raised},0.031103679,0.206666667,0.150501672,0.860631383,93,0.957814564,0.086511628
{Eyebrows=Raised} , {Eye_Aperture=//},0.031103679,0.129526462,0.240133779,0.860631383,93,0.975903679,0.086511628
"{Cheeks=null,Eyegaze=+sr & +dn} ", {CA=null},0.037792642,0.559405941,0.067558528,0.859518891,113,0.792484311,0.055528256
"{CA=null,Cheeks=null} ", {ï..Body_Movement=LEAN+forward},0.080267559,0.126382306,0.635117057,0.858825219,240,0.976219708,0.114340162
{Eyegaze=+sl & +dn} , {ï..Body_Movement=null},0.03277592,0.317152104,0.103344482,0.857400352,98,0.92275357,0.074411541
{ï..Body_Movement=null} , {Eyegaze=+sl & +dn},0.03277592,0.088607595,0.369899666,0.857400352,98,0.98383036,0.074411541
"{ï..Body_Movement=LEAN+forward,Eye_Aperture=null} ", {CA=null},0.032441472,0.557471264,0.05819398,0.85654629,97,0.789019676,0.047948591
"{ï..Body_Movement=LEAN+forward,Cheeks=null} ", {CA=null},0.080267559,0.555555556,0.144481605,0.853602832,240,0.785618729,0.112254443
"{ï..Body_Movement=null,CA=null} ", {Head_Movement=TURN+sr},0.035785953,0.132425743,0.270234114,0.853346919,107,0.973768005,0.091845494
{ï..Body_Movement=LEAN+forward} , {CA=null},0.081605351,0.554545455,0.147157191,0.852050827,244,0.783837281,0.113912232
{CA=null} , {ï..Body_Movement=LEAN+forward},0.081605351,0.125385406,0.65083612,0.852050827,244,0.975106996,0.113912232
"{ï..Body_Movement=null,Cheeks=null} ", {Eyegaze=+sl & +dn},0.032107023,0.087992667,0.364882943,0.851450081,96,0.983167006,0.073619632
"{Cheeks=null,Eye_Aperture=//} ", {Eyebrows=Raised},0.030100334,0.204081633,0.147491639,0.849866409,90,0.954703713,0.084190833
"{ï..Body_Movement=LEAN+forward,Cheeks=null} ", {Eyebrows=Furrowed},0.033444816,0.231481481,0.144481605,0.842006849,100,0.94348229,0.086655113
"{Cheeks=null,Eyebrows=Furrowed} ", {ï..Body_Movement=LEAN+forward},0.033444816,0.12345679,0.27090301,0.838945006,100,0.972961515,0.086956522
{ï..Body_Movement=LEAN+forward} , {Eyebrows=Furrowed},0.033779264,0.229545455,0.147157191,0.83496461,101,0.941111473,0.086993971
{Eyebrows=Furrowed} , {ï..Body_Movement=LEAN+forward},0.033779264,0.122871046,0.274916388,0.83496461,101,0.972311774,0.086993971
"{CA=null,Eye_Aperture=null} ", {ï..Body_Movement=LEAN+forward},0.032441472,0.122320303,0.265217391,0.831222057,97,0.971701649,0.085387324
{Eye_Aperture=WD} , {CA=null},0.050167224,0.533807829,0.093979933,0.820187775,150,0.748969849,0.072219547
{CA=null} , {Eye_Aperture=WD},0.050167224,0.077081192,0.65083612,0.820187775,150,0.981689894,0.072219547
"{CA=null,Eyebrows=null} ", {ï..Body_Movement=LEAN+sl},0.034782609,0.103174603,0.337123746,0.813963228,104,0.973705863,0.081060016
"{Cheeks=null,Eye_Aperture=WD} ", {CA=null},0.047491639,0.527881041,0.089966555,0.811081353,142,0.739567587,0.068499759
"{ï..Body_Movement=null,Eyebrows=Furrowed} ", {CA=null},0.053846154,0.527868852,0.102006689,0.811062625,161,0.739548495,0.077033493
"{CA=null,Cheeks=null} ", {Eyegaze=+sl},0.057525084,0.090573986,0.635117057,0.808406624,172,0.976395939,0.083414161
"{Cheeks=null,Eyegaze=+sl} ", {CA=null},0.057525084,0.522796353,0.110033445,0.803268805,172,0.731687366,0.081787922
{Eyegaze=+sl} , {CA=null},0.058528428,0.52238806,0.112040134,0.802641469,175,0.731061873,0.083095916
{CA=null} , {Eyegaze=+sl},0.058528428,0.089928058,0.65083612,0.802641469,175,0.975702936,0.083095916
"{CA=null,Cheeks=null} ", {Eyebrows=Furrowed},0.139130435,0.219062665,0.635117057,0.79683378,416,0.92847861,0.180477223
"{CA=null,Cheeks=null} ", {Eye_Aperture=WD},0.047491639,0.074776198,0.635117057,0.795661324,142,0.979244227,0.069676153
"{Cheeks=null,Head_Movement=TURN+sl} ", {ï..Body_Movement=null},0.033110368,0.292899408,0.113043478,0.791834748,99,0.891104239,0.073605948
"{Cheeks=null,Eyebrows=Furrowed} ", {CA=null},0.139130435,0.513580247,0.27090301,0.789108396,416,0.717824219,0.177777778
"{Eye_Aperture=null,Eyegaze=+sl} ", {CA=null},0.033110368,0.512953368,0.064548495,0.788145206,99,0.716900306,0.048529412
{Eyebrows=Furrowed} , {CA=null},0.140802676,0.51216545,0.274916388,0.786934582,421,0.715742417,0.179377929
{CA=null} , {Eyebrows=Furrowed},0.140802676,0.216341213,0.65083612,0.786934582,421,0.925254235,0.179377929
"{Cheeks=null,Eye_Aperture=SQ} ", {ï..Body_Movement=null},0.039130435,0.287469287,0.136120401,0.777154764,117,0.884313228,0.083810888
"{ï..Body_Movement=null,Cheeks=null} ", {Head_Movement=TURN+sl},0.033110368,0.090742438,0.364882943,0.766440367,99,0.969588143,0.073551263
{Eye_Aperture=SQ} , {ï..Body_Movement=null},0.039799331,0.283333333,0.140468227,0.765973478,119,0.879209769,0.084577114
{ï..Body_Movement=null} , {Eye_Aperture=SQ},0.039799331,0.107594937,0.369899666,0.765973478,119,0.963163263,0.084577114
{Head_Movement=TURN+sl} , {ï..Body_Movement=null},0.033444816,0.282485876,0.118394649,0.763682431,100,0.878171332,0.073529412
{ï..Body_Movement=null} , {Head_Movement=TURN+sl},0.033444816,0.090415913,0.369899666,0.763682431,100,0.969240078,0.073529412
"{ï..Body_Movement=null,Cheeks=null} ", {Eye_Aperture=SQ},0.039130435,0.107241063,0.364882943,0.763454236,117,0.962781482,0.083931133
"{Eye_Aperture=null,Eyebrows=Furrowed} ", {CA=null},0.051170569,0.484177215,0.105685619,0.743931076,153,0.676906662,0.07254623
"{CA=null,Eye_Aperture=null} ", {Eyebrows=Raised},0.046488294,0.175283733,0.265217391,0.729942006,139,0.92136684,0.101311953
"{ï..Body_Movement=null,CA=null} ", {Eyebrows=Furrowed},0.053846154,0.199257426,0.270234114,0.724792826,161,0.905514001,0.109598366
"{CA=null,Eye_Aperture=null} ", {Eyebrows=Furrowed},0.051170569,0.192938209,0.265217391,0.701806868,153,0.898423913,0.104651163
"{Cheeks=null,Eyebrows=Raised} ", {Eye_Aperture=null},0.064882943,0.28115942,0.230769231,0.690769652,194,0.824906948,0.113251605
{Eye_Aperture=WD} , {Eyebrows=null},0.030769231,0.327402135,0.093979933,0.688419398,92,0.779685371,0.057107387
{Eyebrows=null} , {Eye_Aperture=WD},0.030769231,0.064697609,0.475585284,0.688419398,92,0.968692132,0.057107387
"{CA=null,Eyebrows=Raised} ", {Eye_Aperture=null},0.046488294,0.27744511,0.167558528,0.681644107,139,0.820666494,0.088030399
"{Cheeks=null,Eye_Aperture=null} ", {Eyebrows=Raised},0.064882943,0.163437237,0.396989967,0.680609106,194,0.90831944,0.113383986
{Eyebrows=Raised} , {Eye_Aperture=null},0.066220736,0.275766017,0.240133779,0.677518809,198,0.818763828,0.113989637
{Eye_Aperture=null} , {Eyebrows=Raised},0.066220736,0.162695152,0.407023411,0.677518809,198,0.907514417,0.113989637
"{Cheeks=null,Eyebrows=null} ", {Eyegaze=+sl},0.033444816,0.0723589,0.462207358,0.645830183,100,0.957223506,0.061842919
{Eyegaze=+sl} , {Eyebrows=null},0.034113712,0.304477612,0.112040134,0.640216638,102,0.753986823,0.06163142
{Eyebrows=null} , {Eyegaze=+sl},0.034113712,0.071729958,0.475585284,0.640216638,102,0.956574947,0.06163142
"{Cheeks=null,Eyegaze=+sl} ", {Eyebrows=null},0.033444816,0.303951368,0.110033445,0.639110119,100,0.753416775,0.060569352
{Eye_Aperture=SQ} , {Eyebrows=null},0.039464883,0.280952381,0.140468227,0.590750787,118,0.729318479,0.068445476
{Eyebrows=null} , {Eye_Aperture=SQ},0.039464883,0.082981716,0.475585284,0.590750787,118,0.937311488,0.068445476
"{Cheeks=null,Eye_Aperture=SQ} ", {Eyebrows=null},0.037123746,0.272727273,0.136120401,0.57345608,111,0.721070234,0.064610012
"{Cheeks=null,Eyebrows=null} ", {Eye_Aperture=SQ},0.037123746,0.080318379,0.462207358,0.571790366,111,0.934597097,0.065641632
