Antecedent,Consequent,support,confidence,coverage,lift,count,conviction,cosine,jaccard,Fisher,hlift,hconf
"{Body_pres=0,Cheeks_pres=0} ", {Head_pres=0},7.83%,21.45%,0.365005018,1.691523,234,1.111626,0.36390153,0.189320388,0.00,1.47,1.00
"{Body_pres=0,CA_pres=0,Cheeks_pres=0} ", {Head_pres=0},6.39%,23.93%,0.266978923,1.887631,191,1.147965,0.34730602,0.193711968,0.00,1.59,1.00
"{Cheeks_pres=0,Head_pres=0} ", {Body_pres=0},7.83%,61.90%,0.1264637,1.672996,234,1.653689,0.36190318,0.1872,0.00,1.46,1.00
{Head_pres=0} , {Body_pres=0},7.83%,61.74%,0.12679826,1.668582,234,1.646628,0.36142542,0.18705036,0.00,1.45,1.00
{Body_pres=0} , {Head_pres=0},7.83%,21.16%,0.370023419,1.668582,234,1.107524,0.36142542,0.18705036,0.00,1.45,1.00
"{Body_pres=0,CA_pres=0} ", {Head_pres=0},6.39%,23.64%,0.270324523,1.86427,191,1.143512,0.34515016,0.191767068,0.00,1.58,1.00
"{Cheeks_pres=0,Eyegaze_pres=1,Head_pres=0} ", {Body_pres=0},7.36%,61.62%,0.119437939,1.665426,220,1.641618,0.35011524,0.17699115,0.00,1.45,1.00
"{Eyegaze_pres=1,Head_pres=0} ", {Body_pres=0},7.36%,61.45%,0.119772499,1.660774,220,1.634287,0.34962591,0.176848875,0.00,1.44,1.00
"{Body_pres=0,Cheeks_pres=0,Eyegaze_pres=1} ", {Head_pres=0},7.36%,21.19%,0.347273336,1.671522,220,1.108048,0.35075543,0.183792815,0.00,1.45,1.00
"{CA_pres=0,EyeAp_pres=0} ", {Eyebrows_pres=0},16.59%,62.55%,0.265306122,1.314725,496,1.39978,0.46708432,0.288539849,0.00,1.22,1.00
"{Body_pres=0,CA_pres=0,Eyegaze_pres=1} ", {Head_pres=0},5.99%,23.40%,0.255938441,1.845348,179,1.139931,0.33243191,0.185492228,0.00,1.54,1.00
"{Body_pres=0,Eyegaze_pres=1} ", {Head_pres=0},7.36%,20.89%,0.352291736,1.647711,220,1.103819,0.34824821,0.181518152,0.00,1.43,1.00
"{CA_pres=0,EyeAp_pres=0,Eyegaze_pres=1} ", {Eyebrows_pres=0},16.23%,62.50%,0.259618602,1.313731,485,1.398015,0.46170128,0.283129013,0.00,1.22,1.00
"{CA_pres=0,Cheeks_pres=0,EyeAp_pres=0} ", {Eyebrows_pres=0},16.09%,62.39%,0.257945801,1.311345,481,1.393797,0.45937578,0.280957944,0.00,1.22,1.00
"{Body_pres=0,Eyebrows_pres=0} ", {CA_pres=0},14.49%,82.32%,0.175978588,1.264402,433,1.973609,0.42798013,0.212359,0.00,1.19,1.00
"{CA_pres=0,Cheeks_pres=0,Head_pres=0} ", {Body_pres=0},6.39%,62.21%,0.102709936,1.68138,191,1.667266,0.32778314,0.156301146,0.00,1.45,1.00
"{Eyebrows_pres=0,Eyegaze_pres=1} ", {EyeAp_pres=0},22.78%,49.93%,0.456339913,1.226219,681,1.183945,0.52856042,0.358421053,0.00,1.16,1.00
"{CA_pres=0,Head_pres=0} ", {Body_pres=0},6.39%,62.01%,0.103044496,1.675921,191,1.6584,0.3272506,0.156173344,0.00,1.44,1.00
"{Body_pres=0,Cheeks_pres=0,Eyebrows_pres=0} ", {CA_pres=0},14.29%,82.12%,0.173971228,1.261269,427,1.951097,0.42447761,0.209416381,0.00,1.18,1.00
"{Cheeks_pres=0,Eyebrows_pres=0,Eyegaze_pres=1} ", {EyeAp_pres=0},22.18%,50.04%,0.443292071,1.228947,663,1.186576,0.52210794,0.352847259,0.00,1.16,1.00
"{Body_pres=0,Eyebrows_pres=0,Eyegaze_pres=1} ", {CA_pres=0},13.62%,82.06%,0.165941787,1.260363,407,1.944689,0.41426873,0.2,0.00,1.18,1.00
"{CA_pres=0,Eyegaze_pres=1,Head_pres=0} ", {Body_pres=0},5.99%,61.51%,0.097356976,1.662382,179,1.636814,0.31552151,0.146962233,0.00,1.42,1.00
{Eyebrows_pres=0} , {EyeAp_pres=0},23.29%,48.95%,0.475744396,1.202112,696,1.161183,0.52907124,0.358208955,0.00,1.14,1.00
{EyeAp_pres=0} , {Eyebrows_pres=0},23.29%,57.19%,0.407159585,1.202112,696,1.224605,0.52907124,0.358208955,0.00,1.14,1.00
"{Cheeks_pres=0,Eyebrows_pres=0} ", {EyeAp_pres=0},22.68%,49.06%,0.462361994,1.204917,678,1.163786,0.52279375,0.352941176,0.00,1.14,1.00
"{Cheeks_pres=0,EyeAp_pres=0} ", {Eyebrows_pres=0},22.68%,57.12%,0.397122784,1.200619,678,1.222576,0.52186063,0.351113413,0.00,1.14,1.00
"{CA_pres=0,EyeAp_pres=0,Head_pres=1} ", {Eyebrows_pres=0},13.75%,61.99%,0.221813315,1.303031,411,1.379292,0.42328732,0.245519713,0.00,1.20,1.00
"{CA_pres=1,EyeAp_pres=1,Head_pres=1} ", {Body_pres=1},15.06%,77.72%,0.193710271,1.2337,450,1.660803,0.43097102,0.223658052,0.00,1.16,1.00
"{Cheeks_pres=0,Eyebrows_pres=0,Head_pres=0} ", {Body_pres=0},4.15%,65.96%,0.06289729,1.782521,124,1.850556,0.27193506,0.105982906,0.00,1.46,1.00
"{Eyebrows_pres=0,Head_pres=0} ", {Body_pres=0},4.15%,65.61%,0.06323185,1.77309,124,1.831778,0.2712147,0.1058924,0.00,1.46,1.00
"{Eyebrows_pres=0,Eyegaze_pres=1,Head_pres=0} ", {Body_pres=0},3.85%,66.09%,0.058213449,1.786156,115,1.857897,0.26214746,0.098712446,0.00,1.46,1.00
"{Eyebrows_pres=1,Head_pres=1} ", {CA_pres=1},19.50%,42.34%,0.460689194,1.213322,583,1.129095,0.48647377,0.317365269,0.00,1.14,1.00
"{CA_pres=0,Cheeks_pres=0} ", {Head_pres=0},10.27%,16.17%,0.635329542,1.27497,307,1.041589,0.36187309,0.155758498,0.00,1.18,1.00
"{Eyebrows_pres=1,Eyegaze_pres=1,Head_pres=1} ", {CA_pres=1},19.14%,42.43%,0.450986952,1.21604,572,1.130954,0.48240181,0.314458494,0.00,1.14,1.00
"{CA_pres=1,Eyebrows_pres=0,Head_pres=1} ", {Body_pres=1},10.44%,80.21%,0.130143861,1.273153,312,1.869339,0.36454793,0.159183673,0.00,1.17,1.00
"{Body_pres=0,Cheeks_pres=0,Eyebrows_pres=0} ", {Head_pres=0},4.15%,23.85%,0.173971228,1.880637,124,1.146629,0.27931895,0.16,0.00,1.51,1.00
"{Cheeks_pres=0,Eyebrows_pres=1,Head_pres=1} ", {CA_pres=1},18.97%,42.44%,0.446972232,1.216237,567,1.13109,0.48032775,0.312913907,0.00,1.14,1.00
"{CA_pres=1,EyeAp_pres=1} ", {Body_pres=1},15.76%,76.09%,0.207092673,1.20783,471,1.547598,0.43626505,0.231905465,0.00,1.13,1.00
"{CA_pres=1,Cheeks_pres=0,EyeAp_pres=1} ", {Eyebrows_pres=1},13.18%,66.44%,0.198394112,1.267355,394,1.41767,0.40872799,0.223103058,0.00,1.17,1.00
"{Body_pres=0,Eyebrows_pres=0} ", {Head_pres=0},4.15%,23.57%,0.175978588,1.859185,124,1.142548,0.27772131,0.158770807,0.00,1.49,1.00
"{Body_pres=1,EyeAp_pres=0} ", {Eyebrows_pres=0},14.82%,59.78%,0.247909,1.256643,443,1.303602,0.43156362,0.25755814,0.00,1.17,1.00
"{CA_pres=0,Eyebrows_pres=0,Head_pres=0} ", {Body_pres=0},3.61%,65.85%,0.054867849,1.779716,108,1.844931,0.25358541,0.092943201,0.00,1.44,1.00
"{CA_pres=1,EyeAp_pres=1,Eyegaze_pres=1} ", {Body_pres=1},15.26%,76.13%,0.200401472,1.208408,456,1.549958,0.42936464,0.225074038,0.00,1.13,1.00
"{Body_pres=0,CA_pres=0,Eyebrows_pres=0} ", {Head_pres=0},3.61%,24.94%,0.144864503,1.967082,108,1.163373,0.26660004,0.153409091,0.00,1.54,1.00
"{Body_pres=1,Cheeks_pres=0,EyeAp_pres=0} ", {Eyebrows_pres=0},14.35%,59.83%,0.239879558,1.257663,429,1.305178,0.42486203,0.250877193,0.00,1.17,1.00
"{CA_pres=0,EyeAp_pres=1,Head_pres=0} ", {Body_pres=0},3.81%,64.04%,0.05955169,1.730835,114,1.752122,0.25693146,0.097435897,0.00,1.41,1.00
"{Eyebrows_pres=0,Eyegaze_pres=1,Head_pres=1} ", {EyeAp_pres=0},19.50%,48.99%,0.398126464,1.203253,583,1.162241,0.48445092,0.319627193,0.00,1.13,1.00
"{Body_pres=1,EyeAp_pres=0,Eyegaze_pres=1} ", {Eyebrows_pres=0},14.65%,59.51%,0.246236199,1.2509,438,1.294806,0.42813961,0.254651163,0.00,1.16,1.00
"{CA_pres=1,EyeAp_pres=1,Eyegaze_pres=1} ", {Eyebrows_pres=1},13.22%,65.94%,0.200401472,1.257845,395,1.396916,0.40770796,0.223037832,0.00,1.17,1.00
"{EyeAp_pres=1,Head_pres=0} ", {Body_pres=0},4.45%,61.01%,0.072934092,1.648792,133,1.615705,0.2708606,0.111670865,0.00,1.37,1.00
"{Cheeks_pres=0,EyeAp_pres=1,Head_pres=0} ", {Body_pres=0},4.45%,61.01%,0.072934092,1.648792,133,1.615705,0.2708606,0.111670865,0.00,1.37,1.00
"{Body_pres=0,Eyebrows_pres=0,Head_pres=1} ", {CA_pres=0},10.87%,80.85%,0.134493142,1.241768,325,1.821771,0.36745056,0.160652496,0.00,1.15,1.00
{Head_pres=0} , {CA_pres=0},10.30%,81.27%,0.12679826,1.24823,308,1.862684,0.3586408,0.152702033,0.00,1.15,1.00
{CA_pres=0} , {Head_pres=0},10.30%,15.83%,0.651053864,1.24823,308,1.037394,0.3586408,0.152702033,0.00,1.15,1.00
"{Body_pres=0,EyeAp_pres=1,Eyebrows_pres=0} ", {CA_pres=0},7.69%,84.25%,0.091334895,1.294042,230,2.215402,0.31555502,0.115635998,0.00,1.18,1.00
"{CA_pres=0,Eyebrows_pres=0,Eyegaze_pres=1} ", {EyeAp_pres=0},16.23%,50.31%,0.322515892,1.235663,485,1.193107,0.44777303,0.285966981,0.00,1.15,1.00
"{CA_pres=1,Cheeks_pres=0,EyeAp_pres=1} ", {Body_pres=1},15.02%,75.72%,0.198394112,1.201897,449,1.523777,0.42490695,0.22150962,0.00,1.13,1.00
"{Body_pres=0,CA_pres=0,EyeAp_pres=1} ", {Head_pres=0},3.81%,23.65%,0.161257946,1.865282,114,1.143704,0.26672377,0.152610442,0.00,1.48,1.00
"{CA_pres=1,EyeAp_pres=1} ", {Eyebrows_pres=1},13.55%,65.43%,0.207092673,1.248019,405,1.376102,0.41122092,0.227400337,0.00,1.16,1.00
"{Body_pres=1,Eyebrows_pres=1,Head_pres=1} ", {CA_pres=1},13.55%,44.65%,0.303445969,1.279645,405,1.176306,0.41639857,0.262135922,0.00,1.18,1.00
"{Cheeks_pres=0,Head_pres=0} ", {CA_pres=0},10.27%,81.22%,0.1264637,1.247469,307,1.85777,0.35794892,0.152206247,0.00,1.15,1.00
"{Body_pres=1,EyeAp_pres=0,Head_pres=1} ", {Eyebrows_pres=0},13.62%,59.77%,0.227835396,1.256243,407,1.302986,0.41359098,0.239976415,0.00,1.16,1.00
"{EyeAp_pres=1,Eyegaze_pres=1,Head_pres=0} ", {Body_pres=0},4.18%,61.27%,0.068250251,1.655963,125,1.626775,0.26315848,0.105485232,0.00,1.37,1.00
"{Body_pres=0,Eyebrows_pres=0,Eyegaze_pres=1} ", {Head_pres=0},3.85%,23.19%,0.165941787,1.828533,115,1.136767,0.26523901,0.151315789,0.00,1.46,1.00
"{Body_pres=1,CA_pres=0,EyeAp_pres=0} ", {Eyebrows_pres=0},9.80%,62.74%,0.156239545,1.318794,293,1.407054,0.35955007,0.18358396,0.00,1.20,1.00
"{Eyegaze_pres=1,Head_pres=0} ", {CA_pres=0},9.74%,81.28%,0.119772499,1.248513,291,1.864518,0.34864228,0.144560358,0.00,1.15,1.00
"{Cheeks_pres=0,Eyegaze_pres=1,Head_pres=0} ", {CA_pres=0},9.70%,81.23%,0.119437939,1.247708,290,1.85931,0.34793048,0.144063587,0.00,1.15,1.00
"{Body_pres=0,Cheeks_pres=0,EyeAp_pres=1} ", {Head_pres=0},4.45%,21.42%,0.207761793,1.689066,133,1.111185,0.27414873,0.153402537,0.00,1.39,1.00
"{Body_pres=1,Eyebrows_pres=0,Eyegaze_pres=1} ", {EyeAp_pres=0},14.65%,50.46%,0.290398126,1.239338,438,1.19671,0.42615634,0.265938069,0.00,1.15,1.00
"{Eyebrows_pres=0,Head_pres=0} ", {CA_pres=0},5.49%,86.77%,0.06323185,1.3328,164,2.638033,0.27042169,0.083206494,0.00,1.19,1.00
"{Cheeks_pres=0,EyeAp_pres=0,Head_pres=0} ", {Body_pres=0},3.38%,63.13%,0.053529609,1.705973,101,1.708411,0.24009539,0.086695279,0.00,1.38,1.00
"{Cheeks_pres=0,Eyebrows_pres=0,Head_pres=0} ", {CA_pres=0},5.45%,86.70%,0.06289729,1.33172,163,2.624075,0.26948665,0.082699137,0.00,1.19,1.00
"{CA_pres=1,Eyebrows_pres=0} ", {Body_pres=1},10.74%,77.54%,0.138507862,1.23078,321,1.647201,0.36356302,0.162449393,0.00,1.14,1.00
"{Eyebrows_pres=0,Eyegaze_pres=1,Head_pres=0} ", {CA_pres=0},5.09%,87.36%,0.058213449,1.341768,152,2.759847,0.26121466,0.077235772,0.00,1.20,1.00
"{Body_pres=0,EyeAp_pres=1} ", {Head_pres=0},4.45%,21.11%,0.210772834,1.664937,133,1.106875,0.27218348,0.151826484,0.00,1.37,1.00
"{EyeAp_pres=0,Head_pres=0} ", {Body_pres=0},3.38%,62.73%,0.053864169,1.695377,101,1.690437,0.23934859,0.086620926,0.00,1.36,1.00
"{CA_pres=1,Eyebrows_pres=0,Eyegaze_pres=1} ", {Body_pres=1},10.40%,77.75%,0.133824021,1.234173,311,1.663027,0.3583482,0.157707911,0.00,1.14,1.00
"{CA_pres=0,Eyebrows_pres=0} ", {EyeAp_pres=0},16.59%,49.21%,0.337236534,1.208527,496,1.167155,0.44782272,0.286871024,0.00,1.13,1.00
"{CA_pres=0,Cheeks_pres=0,Eyegaze_pres=1} ", {Head_pres=0},9.70%,15.83%,0.612914018,1.248416,290,1.037423,0.34802918,0.15096304,0.00,1.15,1.00
"{Body_pres=1,Cheeks_pres=0,Eyebrows_pres=1} ", {CA_pres=1},13.82%,43.25%,0.319504851,1.239334,413,1.147152,0.41381498,0.260567823,0.00,1.14,1.00
"{Body_pres=1,EyeAp_pres=1,Head_pres=1} ", {CA_pres=1},15.06%,42.57%,0.353629977,1.220054,450,1.133713,0.42858095,0.272727273,0.00,1.13,1.00
"{CA_pres=1,EyeAp_pres=1,Head_pres=1} ", {Eyebrows_pres=1},12.48%,64.42%,0.193710271,1.228817,373,1.337165,0.39159312,0.210377891,0.00,1.13,1.00
"{Body_pres=1,Eyebrows_pres=1} ", {CA_pres=1},14.19%,42.96%,0.330210773,1.231091,424,1.141368,0.41789303,0.264009963,0.00,1.14,1.00
"{Body_pres=0,EyeAp_pres=1,Eyegaze_pres=1} ", {Head_pres=0},4.18%,21.01%,0.199063232,1.656837,125,1.105436,0.2632279,0.147232038,0.00,1.34,1.00
"{Body_pres=1,Cheeks_pres=0,Eyebrows_pres=0} ", {EyeAp_pres=0},14.35%,49.77%,0.288390766,1.222321,429,1.180204,0.41884986,0.26,0.00,1.13,1.00
"{EyeAp_pres=0,Eyegaze_pres=1,Head_pres=0} ", {Body_pres=0},3.18%,61.69%,0.051522248,1.667146,95,1.644346,0.23018959,0.081545064,0.00,1.34,1.00
"{Body_pres=1,Eyebrows_pres=0} ", {EyeAp_pres=0},14.82%,49.44%,0.299765808,1.214314,443,1.172594,0.42423298,0.265269461,0.00,1.13,1.00
"{Body_pres=1,Eyebrows_pres=1,Eyegaze_pres=1} ", {CA_pres=1},13.98%,42.87%,0.326196052,1.228608,418,1.139636,0.41450695,0.26125,0.00,1.13,1.00
"{CA_pres=0,Eyegaze_pres=1} ", {Head_pres=0},9.74%,15.49%,0.628638341,1.221386,291,1.033215,0.34483393,0.147941027,0.00,1.12,1.00
"{CA_pres=1,Cheeks_pres=0,Eyebrows_pres=0} ", {Body_pres=1},10.14%,76.52%,0.132485781,1.214571,303,1.575584,0.3508891,0.153340081,0.00,1.12,1.00
"{Body_pres=0,EyeAp_pres=0,Eyebrows_pres=0} ", {Head_pres=0},2.21%,26.09%,0.084643694,2.057359,66,1.181391,0.21313956,0.116607774,0.00,1.50,1.00
"{Body_pres=0,CA_pres=1} ", {Eyebrows_pres=1},6.86%,68.79%,0.099698896,1.312183,205,1.524428,0.29999308,0.123493976,0.00,1.17,1.00
"{Body_pres=0,CA_pres=1,Eyegaze_pres=1} ", {Eyebrows_pres=1},6.66%,69.10%,0.096353295,1.318006,199,1.539487,0.29622543,0.120169082,0.00,1.17,1.00
"{Eyebrows_pres=1,Head_pres=0} ", {Body_pres=0},3.68%,57.89%,0.06356641,1.564624,110,1.496194,0.23995971,0.092748735,0.00,1.29,1.00
"{Cheeks_pres=0,Eyebrows_pres=1,Head_pres=0} ", {Body_pres=0},3.68%,57.89%,0.06356641,1.564624,110,1.496194,0.23995971,0.092748735,0.00,1.29,1.00
"{Body_pres=0,CA_pres=1,Head_pres=1} ", {Eyebrows_pres=1},5.96%,69.80%,0.085312814,1.331486,178,1.575517,0.28158882,0.108272506,0.00,1.18,1.00
"{Body_pres=0,Cheeks_pres=0,EyeAp_pres=0} ", {Head_pres=0},3.38%,21.49%,0.157243225,1.694768,101,1.112208,0.23930559,0.135026738,0.00,1.35,1.00
"{Body_pres=0,CA_pres=0,EyeAp_pres=0} ", {Head_pres=0},2.58%,23.62%,0.109066577,1.862773,77,1.143228,0.21905962,0.122611465,0.00,1.40,1.00
"{Body_pres=0,CA_pres=1,Cheeks_pres=0} ", {Eyebrows_pres=1},6.69%,68.26%,0.098026096,1.302025,200,1.498851,0.29516284,0.120481928,0.00,1.16,1.00
"{Body_pres=0,Head_pres=0} ", {CA_pres=0},6.39%,81.62%,0.078287053,1.25372,191,1.898916,0.28304404,0.096028155,0.00,1.14,1.00
"{Body_pres=0,Cheeks_pres=0,Head_pres=0} ", {CA_pres=0},6.39%,81.62%,0.078287053,1.25372,191,1.898916,0.28304404,0.096028155,0.00,1.14,1.00
"{Body_pres=0,EyeAp_pres=0} ", {Head_pres=0},3.38%,21.22%,0.159250585,1.673405,101,1.108384,0.23779258,0.133952255,0.00,1.33,1.00
"{EyeAp_pres=0,Eyebrows_pres=0,Head_pres=0} ", {Body_pres=0},2.21%,64.71%,0.034125125,1.748697,66,1.784934,0.19650169,0.057793345,0.00,1.35,1.00
"{Body_pres=1,Eyebrows_pres=0,Head_pres=1} ", {EyeAp_pres=0},13.62%,48.98%,0.278019404,1.202898,407,1.161911,0.40471435,0.2480195,0.00,1.11,1.00
"{Eyebrows_pres=1,Eyegaze_pres=1,Head_pres=0} ", {Body_pres=0},3.51%,57.07%,0.06155905,1.542206,105,1.467287,0.23275704,0.088607595,0.00,1.27,1.00
"{Body_pres=0,CA_pres=0,EyeAp_pres=0} ", {Eyebrows_pres=0},6.79%,62.27%,0.109066577,1.308895,203,1.38949,0.2981518,0.131391586,0.00,1.16,1.00
"{EyeAp_pres=1,Eyebrows_pres=0,Head_pres=0} ", {Body_pres=0},1.94%,66.67%,0.029106725,1.801688,58,1.88993,0.18697813,0.051101322,0.00,1.35,1.00
"{Body_pres=0,Eyebrows_pres=0,Head_pres=0} ", {CA_pres=0},3.61%,87.10%,0.041485447,1.337781,108,2.704333,0.21985761,0.055045872,0.00,1.16,1.00
"{EyeAp_pres=1,Head_pres=0} ", {CA_pres=0},5.96%,81.65%,0.072934092,1.254142,178,1.901756,0.27328786,0.089627392,0.00,1.13,1.00
"{Cheeks_pres=0,EyeAp_pres=1,Head_pres=0} ", {CA_pres=0},5.96%,81.65%,0.072934092,1.254142,178,1.901756,0.27328786,0.089627392,0.00,1.13,1.00
"{EyeAp_pres=1,Eyebrows_pres=0,Head_pres=0} ", {CA_pres=0},2.64%,90.80%,0.029106725,1.394732,79,3.794789,0.19199771,0.040429887,0.00,1.18,1.00
"{Body_pres=1,CA_pres=0,Eyebrows_pres=0} ", {EyeAp_pres=0},9.80%,50.96%,0.192372031,1.251512,293,1.208806,0.35025828,0.195463642,0.00,1.13,1.00
"{CA_pres=1,EyeAp_pres=1,Eyebrows_pres=0} ", {Body_pres=1},5.72%,79.91%,0.071595851,1.268405,171,1.841512,0.2693792,0.088785047,0.00,1.14,1.00
"{Body_pres=0,EyeAp_pres=0,Eyebrows_pres=0} ", {CA_pres=0},6.79%,80.24%,0.084643694,1.23242,203,1.765667,0.28931061,0.101703407,0.00,1.12,1.00
"{Body_pres=0,Eyegaze_pres=1,Head_pres=0} ", {CA_pres=0},5.99%,81.36%,0.073603212,1.249722,179,1.872394,0.27357114,0.090085556,0.00,1.13,1.00
"{Body_pres=0,CA_pres=0,Eyebrows_pres=1} ", {Head_pres=0},2.78%,22.13%,0.12546002,1.745555,83,1.121406,0.22016225,0.123695976,0.00,1.34,1.00
"{Body_pres=0,EyeAp_pres=1,Head_pres=0} ", {CA_pres=0},3.81%,85.71%,0.044496487,1.316547,114,2.442623,0.22408233,0.058015267,0.00,1.15,1.00
"{Body_pres=1,EyeAp_pres=1,Eyebrows_pres=1} ", {CA_pres=1},10.04%,43.54%,0.230511877,1.247796,300,1.153152,0.35389098,0.209497207,0.00,1.13,1.00
"{Body_pres=1,CA_pres=1,EyeAp_pres=1} ", {Eyebrows_pres=1},10.04%,63.69%,0.157577785,1.214947,300,1.310384,0.34920166,0.172612198,0.00,1.11,1.00
"{Body_pres=0,EyeAp_pres=0,Eyegaze_pres=1} ", {Head_pres=0},3.18%,20.74%,0.153228505,1.635855,95,1.101726,0.22801912,0.128032345,0.00,1.28,1.00
"{CA_pres=0,EyeAp_pres=0,Head_pres=0} ", {Body_pres=0},2.58%,59.23%,0.043492807,1.60073,77,1.545226,0.203068,0.066436583,0.00,1.26,1.00
"{CA_pres=0,Eyebrows_pres=1,Head_pres=0} ", {Body_pres=0},2.78%,57.64%,0.048176648,1.557709,83,1.487158,0.2079789,0.071122536,0.00,1.24,1.00
"{EyeAp_pres=0,Eyebrows_pres=1,Head_pres=1} ", {CA_pres=1},7.03%,45.45%,0.154566745,1.302624,210,1.193599,0.30252144,0.162162162,0.00,1.15,1.00
"{EyeAp_pres=1,Eyegaze_pres=1,Head_pres=0} ", {CA_pres=0},5.52%,80.88%,0.068250251,1.24233,165,1.825257,0.26187705,0.083123426,0.00,1.11,1.00
"{Body_pres=0,Cheeks_pres=0,Eyebrows_pres=1} ", {Head_pres=0},3.68%,19.26%,0.191033791,1.519299,110,1.081558,0.23645855,0.130952381,0.00,1.24,1.00
"{Body_pres=0,Eyebrows_pres=1} ", {Head_pres=0},3.68%,18.97%,0.194044831,1.495724,110,1.077568,0.23461679,0.129564193,0.00,1.21,1.00
"{EyeAp_pres=1,Eyebrows_pres=1,Head_pres=0} ", {Body_pres=0},2.51%,57.25%,0.043827367,1.547251,75,1.473695,0.19703712,0.06454389,0.00,1.23,1.00
"{Body_pres=0,EyeAp_pres=1,Eyebrows_pres=1} ", {Head_pres=0},2.51%,21.01%,0.119437939,1.656837,75,1.105436,0.20389546,0.113464448,0.00,1.27,1.00
"{Body_pres=0,CA_pres=1,EyeAp_pres=1} ", {Eyebrows_pres=1},3.51%,70.95%,0.049514888,1.35327,105,1.637446,0.21803386,0.065217391,0.00,1.15,1.00
"{EyeAp_pres=0,Eyegaze_pres=1,Head_pres=0} ", {CA_pres=0},4.22%,81.82%,0.051522248,1.256704,126,1.919204,0.23016473,0.063829787,0.00,1.12,1.00
"{Body_pres=0,Eyebrows_pres=1,Eyegaze_pres=1} ", {Head_pres=0},3.51%,18.85%,0.18634995,1.486691,105,1.076047,0.22852941,0.126353791,0.00,1.21,1.00
"{EyeAp_pres=1,Eyebrows_pres=0} ", {Eyegaze_pres=0},1.44%,5.92%,0.242890599,1.903596,43,1.029885,0.16548501,0.055412371,0.00,1.34,1.00
"{Cheeks_pres=0,EyeAp_pres=1,Eyebrows_pres=0} ", {Eyegaze_pres=0},1.41%,5.97%,0.235530278,1.91743,42,1.030356,0.16414267,0.055629139,0.00,1.31,1.00
"{CA_pres=0,Eyegaze_pres=0} ", {Body_pres=0},1.44%,64.18%,0.022415524,1.734461,43,1.758685,0.15796232,0.038053097,0.00,1.26,1.00
"{CA_pres=0,Cheeks_pres=0,Eyegaze_pres=0} ", {Body_pres=0},1.44%,64.18%,0.022415524,1.734461,43,1.758685,0.15796232,0.038053097,0.00,1.26,1.00
"{CA_pres=1,EyeAp_pres=0,Head_pres=0} ", {Body_pres=0},0.80%,77.42%,0.010371362,2.092283,24,2.789896,0.12961427,0.021563342,0.00,1.33,1.00
"{EyeAp_pres=0,Head_pres=0} ", {CA_pres=0},4.35%,80.75%,0.053864169,1.240225,130,1.812269,0.23225175,0.065756196,0.00,1.10,1.00
"{Cheeks_pres=0,EyeAp_pres=0,Head_pres=0} ", {CA_pres=0},4.32%,80.63%,0.053529609,1.238377,129,1.801012,0.23118428,0.065250379,0.00,1.09,1.00
"{CA_pres=0,Cheeks_pres=0,Eyebrows_pres=0} ", {Head_pres=0},5.45%,16.53%,0.329876213,1.303759,163,1.046144,0.2666426,0.135607321,0.00,1.12,1.00
"{EyeAp_pres=0,Eyebrows_pres=1,Eyegaze_pres=1} ", {CA_pres=1},7.43%,43.27%,0.171629307,1.240159,222,1.147734,0.30349542,0.166416792,0.00,1.10,1.00
"{CA_pres=0,EyeAp_pres=1,Eyebrows_pres=0} ", {Eyegaze_pres=0},1.10%,6.45%,0.171294747,2.07151,33,1.035636,0.15122984,0.057692308,0.00,1.32,1.00
"{Eyebrows_pres=0,Eyegaze_pres=1,Head_pres=0} ", {EyeAp_pres=0},3.28%,56.32%,0.058213449,1.383287,98,1.357293,0.21296398,0.07579273,0.00,1.14,1.00
"{EyeAp_pres=0,Eyebrows_pres=1} ", {CA_pres=1},7.49%,42.99%,0.174305788,1.232117,224,1.142084,0.30386942,0.167164179,0.00,1.09,1.00
"{Body_pres=1,Head_pres=1} ", {Cheeks_pres=1},2.17%,3.74%,0.581465373,1.380081,65,1.0107,0.17323912,0.037058153,0.00,1.14,1.00
"{Body_pres=1,Eyegaze_pres=1,Head_pres=0} ", {CA_pres=0},3.75%,81.16%,0.046169287,1.246585,112,1.852099,0.21612602,0.056795132,0.00,1.10,1.00
"{Cheeks_pres=0,EyeAp_pres=0,Eyebrows_pres=1} ", {CA_pres=1},7.33%,43.03%,0.170291067,1.233014,219,1.142712,0.30056823,0.164291073,0.00,1.09,1.00
"{Body_pres=1,Head_pres=0} ", {CA_pres=0},3.91%,80.69%,0.048511208,1.23937,117,1.807042,0.22025737,0.059270517,0.00,1.09,1.00
"{Body_pres=0,EyeAp_pres=1,Eyebrows_pres=0} ", {Head_pres=0},1.94%,21.25%,0.091334895,1.675529,58,1.108763,0.18031301,0.097643098,0.00,1.23,1.00
"{CA_pres=0,Eyebrows_pres=0} ", {Head_pres=0},5.49%,16.27%,0.337236534,1.283128,164,1.042876,0.26533466,0.134096484,0.00,1.11,1.00
"{CA_pres=0,EyeAp_pres=0,Head_pres=0} ", {Eyebrows_pres=0},2.84%,65.38%,0.043492807,1.374364,85,1.514516,0.1976958,0.057941377,0.00,1.13,1.00
"{Body_pres=1,Eyegaze_pres=1,Head_pres=1} ", {Cheeks_pres=1},2.14%,3.75%,0.570424891,1.385149,64,1.010844,0.1722167,0.037166086,0.00,1.14,1.00
"{Body_pres=1,Cheeks_pres=0,Head_pres=0} ", {CA_pres=0},3.88%,80.56%,0.048176648,1.23731,116,1.79458,0.21913176,0.058763931,0.00,1.09,1.00
"{EyeAp_pres=0,Head_pres=0} ", {Eyebrows_pres=0},3.41%,63.35%,0.053864169,1.331682,102,1.430596,0.21317557,0.068872384,0.00,1.12,1.00
"{Body_pres=0,Eyebrows_pres=0,Eyegaze_pres=1} ", {EyeAp_pres=0},8.13%,48.99%,0.165941787,1.203261,243,1.162248,0.31276644,0.165306122,0.00,1.08,1.00
"{EyeAp_pres=0,Eyebrows_pres=0,Head_pres=0} ", {CA_pres=0},2.84%,83.33%,0.034125125,1.279976,85,2.093677,0.1907864,0.04330107,0.00,1.10,1.00
"{EyeAp_pres=0,Eyegaze_pres=1,Head_pres=0} ", {Eyebrows_pres=0},3.28%,63.64%,0.051522248,1.337617,98,1.441703,0.20941892,0.066305819,0.00,1.13,1.00
"{Body_pres=0,CA_pres=0,Cheeks_pres=0} ", {Eyegaze_pres=0},1.44%,5.39%,0.266978923,1.731843,43,1.024067,0.15784308,0.050707547,0.00,1.23,1.00
"{CA_pres=0,EyeAp_pres=1,Eyebrows_pres=0} ", {Body_pres=0},7.69%,44.92%,0.171294747,1.214028,230,1.143787,0.30564359,0.165706052,0.00,1.08,1.00
"{Cheeks_pres=0,EyeAp_pres=0,Head_pres=0} ", {Eyebrows_pres=0},3.38%,63.13%,0.053529609,1.326868,101,1.42171,0.21174423,0.068197164,0.00,1.12,1.00
"{Body_pres=0,Cheeks_pres=0} ", {Eyegaze_pres=0},1.77%,4.86%,0.365005018,1.561328,53,1.018357,0.16638801,0.046861185,0.00,1.18,1.00
"{Cheeks_pres=0,Eyegaze_pres=0} ", {Body_pres=0},1.77%,57.61%,0.030779525,1.556893,53,1.486099,0.16615155,0.04628821,0.00,1.18,1.00
"{Body_pres=1,EyeAp_pres=0,Head_pres=0} ", {CA_pres=0},1.77%,88.33%,0.020073603,1.356775,53,2.990967,0.15510608,0.027137737,0.00,1.13,1.00
"{CA_pres=1,Head_pres=0} ", {Body_pres=0},1.44%,60.56%,0.023753764,1.636745,43,1.597441,0.15344817,0.037918871,0.00,1.19,1.00
"{CA_pres=1,Cheeks_pres=0,Head_pres=0} ", {Body_pres=0},1.44%,60.56%,0.023753764,1.636745,43,1.597441,0.15344817,0.037918871,0.00,1.19,1.00
"{CA_pres=1,Eyegaze_pres=1,Head_pres=0} ", {Body_pres=0},1.37%,61.19%,0.022415524,1.653788,41,1.623401,0.15061523,0.036219081,0.00,1.21,1.00
"{Body_pres=0,CA_pres=0} ", {Eyegaze_pres=0},1.44%,5.32%,0.270324523,1.710409,43,1.023346,0.15686328,0.05011655,0.00,1.23,1.00
"{CA_pres=0,Cheeks_pres=0,EyeAp_pres=1} ", {Head_pres=0},5.96%,15.78%,0.37738374,1.244508,178,1.036812,0.27223618,0.13393529,0.00,1.09,1.00
{Body_pres=0} , {Eyegaze_pres=0},1.77%,4.79%,0.370023419,1.540152,53,1.017652,0.16525585,0.046247818,0.00,1.18,1.00
{Eyegaze_pres=0} , {Body_pres=0},1.77%,56.99%,0.031114085,1.540152,53,1.464696,0.16525585,0.046247818,0.00,1.18,1.00
"{EyeAp_pres=1,Eyebrows_pres=0,Head_pres=0} ", {Eyegaze_pres=0},0.37%,12.64%,0.029106725,4.063651,11,1.109119,0.12229018,0.065088757,0.00,1.57,1.00
"{CA_pres=1,Cheeks_pres=0,Eyebrows_pres=0} ", {EyeAp_pres=0},6.59%,49.75%,0.132485781,1.221818,197,1.179723,0.28377448,0.139124294,0.00,1.08,1.00
"{EyeAp_pres=0,Eyegaze_pres=0} ", {Body_pres=0},0.60%,78.26%,0.007694881,2.115025,18,2.897892,0.11285766,0.01620162,0.00,1.29,1.00
"{Cheeks_pres=0,EyeAp_pres=0,Eyegaze_pres=0} ", {Body_pres=0},0.60%,78.26%,0.007694881,2.115025,18,2.897892,0.11285766,0.01620162,0.00,1.29,1.00
"{Body_pres=0,CA_pres=0,EyeAp_pres=1} ", {Eyegaze_pres=0},1.00%,6.22%,0.161257946,2.000402,30,1.033193,0.14169557,0.055045872,0.00,1.25,1.00
"{CA_pres=0,Cheeks_pres=0,EyeAp_pres=0} ", {Head_pres=0},4.32%,16.73%,0.257945801,1.319538,129,1.048658,0.23863982,0.126346719,0.00,1.10,1.00
"{Body_pres=1,Eyegaze_pres=0} ", {EyeAp_pres=1},1.17%,87.50%,0.013382402,1.475945,35,3.257277,0.1314638,0.019696117,0.00,1.13,1.00
"{Eyebrows_pres=0,Head_pres=0} ", {EyeAp_pres=0},3.41%,53.97%,0.06323185,1.325482,102,1.287895,0.21267869,0.078220859,0.00,1.11,1.00
"{Body_pres=1,Eyebrows_pres=0,Head_pres=0} ", {CA_pres=0},1.87%,86.15%,0.021746403,1.323298,56,2.520167,0.15745626,0.028644501,0.00,1.10,1.00
"{Body_pres=0,Cheeks_pres=0,EyeAp_pres=1} ", {Eyegaze_pres=0},1.17%,5.64%,0.207761793,1.811421,35,1.026755,0.14564003,0.051546392,0.00,1.21,1.00
"{Cheeks_pres=0,Eyebrows_pres=0,Head_pres=0} ", {EyeAp_pres=0},3.38%,53.72%,0.06289729,1.319468,101,1.28108,0.21115295,0.077453988,0.00,1.10,1.00
"{Body_pres=1,Cheeks_pres=0,Eyegaze_pres=0} ", {EyeAp_pres=1},1.14%,87.18%,0.013047842,1.470539,34,3.175845,0.12933461,0.019133371,0.00,1.13,1.00
"{Body_pres=0,CA_pres=1,Cheeks_pres=0} ", {EyeAp_pres=0},4.98%,50.85%,0.098026096,1.248976,149,1.206266,0.24952104,0.109478325,0.00,1.08,1.00
"{Body_pres=0,EyeAp_pres=1} ", {Eyegaze_pres=0},1.17%,5.56%,0.210772834,1.785544,35,1.025879,0.14459601,0.050872093,0.00,1.21,1.00
"{Body_pres=0,EyeAp_pres=1,Eyebrows_pres=0} ", {Eyegaze_pres=0},0.67%,7.33%,0.091334895,2.354563,20,1.045478,0.12551834,0.057803468,0.00,1.33,1.00
"{Body_pres=0,EyeAp_pres=0,Head_pres=0} ", {Eyebrows_pres=0},2.21%,65.35%,0.033790565,1.373564,66,1.512852,0.174154,0.045298559,0.00,1.10,1.00
"{CA_pres=1,Eyebrows_pres=0,Eyegaze_pres=1} ", {EyeAp_pres=0},6.56%,49.00%,0.133824021,1.203459,196,1.162432,0.28091879,0.137931034,0.00,1.07,1.00
"{Body_pres=0,CA_pres=1,EyeAp_pres=0} ", {Eyebrows_pres=1},3.35%,66.67%,0.050184008,1.271644,100,1.427233,0.20626231,0.061842919,0.00,1.09,1.00
{Cheeks_pres=1} , {Body_pres=1},2.21%,81.48%,0.027099364,1.293405,66,1.998126,0.16899594,0.034773446,0.00,1.08,1.00
{Body_pres=1} , {Cheeks_pres=1},2.21%,3.51%,0.629976581,1.293405,66,1.00824,0.16899594,0.034773446,0.00,1.08,1.00
"{CA_pres=0,EyeAp_pres=0} ", {Head_pres=0},4.35%,16.39%,0.265306122,1.292876,130,1.044418,0.23713036,0.124760077,0.00,1.09,1.00
"{Body_pres=1,Eyegaze_pres=1} ", {Cheeks_pres=1},2.17%,3.53%,0.616594179,1.301454,65,1.008468,0.16823183,0.034965035,0.00,1.08,1.00
"{CA_pres=0,EyeAp_pres=1} ", {Head_pres=0},5.96%,15.44%,0.385747742,1.217524,178,1.032617,0.26926862,0.131462334,0.00,1.07,1.00
"{CA_pres=1,Cheeks_pres=1,Eyebrows_pres=0} ", {Body_pres=1},0.60%,100.00%,0.006022081,1.587361,18,      NA,0.09777123,0.009559214,0.00,1.13,1.00
"{Body_pres=0,CA_pres=1} ", {EyeAp_pres=0},5.02%,50.34%,0.099698896,1.236261,150,1.193692,0.24907942,0.10989011,0.00,1.07,1.00
"{CA_pres=0,Eyegaze_pres=0,Head_pres=1} ", {Body_pres=0},1.04%,62.00%,0.016728003,1.67557,31,1.657833,0.13182541,0.027555556,0.00,1.15,1.00
"{CA_pres=1,EyeAp_pres=1,Head_pres=0} ", {Eyebrows_pres=1},1.07%,80.00%,0.013382402,1.525973,32,2.378722,0.12781608,0.02031746,0.00,1.14,1.00
"{Cheeks_pres=1,Head_pres=1} ", {Body_pres=1},2.17%,81.25%,0.026764804,1.28973,65,1.973458,0.16747238,0.034246575,0.00,1.08,1.00
"{Cheeks_pres=1,Eyegaze_pres=1} ", {Body_pres=1},2.17%,81.25%,0.026764804,1.28973,65,1.973458,0.16747238,0.034246575,0.00,1.08,1.00
"{Body_pres=0,Cheeks_pres=0,Eyebrows_pres=0} ", {Eyegaze_pres=0},1.00%,5.77%,0.173971228,1.854218,30,1.028205,0.13642002,0.051457976,0.00,1.20,1.00
"{Body_pres=0,CA_pres=1,Eyegaze_pres=1} ", {EyeAp_pres=0},4.85%,50.35%,0.096353295,1.236548,145,1.193972,0.24492125,0.106617647,0.00,1.07,1.00
"{Body_pres=1,Eyegaze_pres=0,Head_pres=1} ", {EyeAp_pres=1},0.97%,87.88%,0.011040482,1.482335,29,3.359067,0.11992485,0.016328829,0.00,1.12,1.00
"{CA_pres=0,Eyebrows_pres=1,Eyegaze_pres=0} ", {Body_pres=0},0.57%,73.91%,0.007694881,1.997523,17,2.41491,0.10658779,0.01528777,0.00,1.21,1.00
"{CA_pres=0,Eyebrows_pres=0,Eyegaze_pres=1} ", {Head_pres=0},5.09%,15.77%,0.322515892,1.243521,152,1.036658,0.25146959,0.127623846,0.00,1.07,1.00
"{EyeAp_pres=0,Eyebrows_pres=1,Eyegaze_pres=0} ", {Body_pres=0},0.27%,100.00%,0.00267648,2.702532,8,      NA,0.08504865,0.007233273,0.00,1.33,1.00
"{Cheeks_pres=1,Eyegaze_pres=1,Head_pres=1} ", {Body_pres=1},2.14%,81.01%,0.026430244,1.285963,64,1.94879,0.16593625,0.033719705,0.00,1.08,1.00
"{Body_pres=0,Eyebrows_pres=0} ", {Eyegaze_pres=0},1.00%,5.70%,0.175978588,1.833068,30,1.027488,0.13563973,0.050933786,0.00,1.20,1.00
"{EyeAp_pres=0,Eyebrows_pres=1,Head_pres=0} ", {Body_pres=0},1.17%,59.32%,0.019739043,1.603197,35,1.548692,0.13701385,0.030973451,0.00,1.13,1.00
"{CA_pres=0,EyeAp_pres=0,Eyegaze_pres=1} ", {Head_pres=0},4.22%,16.24%,0.259618602,1.280547,126,1.042469,0.23233791,0.12244898,0.00,1.08,1.00
"{Body_pres=0,CA_pres=0,Eyebrows_pres=0} ", {Eyegaze_pres=0},0.87%,6.00%,0.144864503,1.929872,26,1.03078,0.12956507,0.052,0.00,1.18,1.00
"{CA_pres=1,EyeAp_pres=1,Eyebrows_pres=0} ", {Cheeks_pres=1},0.50%,7.01%,0.071595851,2.586535,15,1.046235,0.11393099,0.053571429,0.00,1.25,1.00
"{Eyebrows_pres=1,Eyegaze_pres=0} ", {Body_pres=0},0.77%,65.71%,0.011709602,1.775949,23,1.837432,0.11690047,0.020572451,0.00,1.15,1.00
"{Cheeks_pres=0,Eyebrows_pres=1,Eyegaze_pres=0} ", {Body_pres=0},0.77%,65.71%,0.011709602,1.775949,23,1.837432,0.11690047,0.020572451,0.00,1.15,1.00
"{Cheeks_pres=0,Eyebrows_pres=0,Head_pres=0} ", {Eyegaze_pres=0},0.50%,7.98%,0.06289729,2.564345,15,1.052893,0.11344121,0.056390977,0.00,1.25,1.00
"{Cheeks_pres=0,EyeAp_pres=1} ", {Eyegaze_pres=0},2.31%,4.01%,0.575777852,1.288579,69,1.009354,0.17247144,0.039541547,0.00,1.08,1.00
"{CA_pres=0,Cheeks_pres=0,Eyebrows_pres=1} ", {Head_pres=0},4.82%,15.77%,0.305453329,1.24388,144,1.036714,0.24479779,0.12543554,0.00,1.07,1.00
"{Eyebrows_pres=0,Head_pres=0} ", {Eyegaze_pres=0},0.50%,7.94%,0.06323185,2.550777,15,1.052411,0.11314071,0.056179775,0.00,1.25,1.00
"{Eyegaze_pres=0,Head_pres=1} ", {EyeAp_pres=1},1.87%,77.78%,0.024088324,1.311951,56,1.832218,0.15677973,0.031319911,0.00,1.08,1.00
"{CA_pres=0,EyeAp_pres=1,Eyegaze_pres=0} ", {Body_pres=0},1.00%,60.00%,0.016728003,1.621519,30,1.574941,0.12757298,0.026642984,0.00,1.11,1.00
{Eyegaze_pres=0} , {EyeAp_pres=1},2.34%,75.27%,0.031114085,1.26963,70,1.646341,0.17243472,0.038997214,0.00,1.06,1.00
{EyeAp_pres=1} , {Eyegaze_pres=0},2.34%,3.95%,0.592840415,1.26963,70,1.008734,0.17243472,0.038997214,0.00,1.06,1.00
"{Cheeks_pres=0,Eyegaze_pres=0,Head_pres=1} ", {EyeAp_pres=1},1.84%,77.46%,0.023753764,1.306672,55,1.806771,0.15506067,0.030760626,0.00,1.08,1.00
"{Body_pres=0,EyeAp_pres=0,Eyebrows_pres=1} ", {CA_pres=1},3.35%,44.84%,0.074606892,1.285099,100,1.180366,0.20735066,0.085763293,0.00,1.06,1.00
"{CA_pres=0,EyeAp_pres=0,Eyebrows_pres=0} ", {Head_pres=0},2.84%,17.14%,0.165941787,1.351525,85,1.053791,0.19604622,0.107594937,0.00,1.08,1.00
"{Cheeks_pres=0,Eyegaze_pres=0} ", {EyeAp_pres=1},2.31%,75.00%,0.030779525,1.265096,69,1.628638,0.17089262,0.038440111,0.00,1.06,1.00
"{CA_pres=0,Cheeks_pres=0,EyeAp_pres=1} ", {Eyegaze_pres=0},1.67%,4.43%,0.37738374,1.424636,50,1.013825,0.15437394,0.042698548,0.00,1.09,1.00
"{CA_pres=0,EyeAp_pres=0,Eyegaze_pres=0} ", {Body_pres=0},0.43%,76.47%,0.005687521,2.066642,13,2.6774,0.0948072,0.011711712,0.00,1.18,1.00
"{Cheeks_pres=0,Eyegaze_pres=0,Head_pres=1} ", {Body_pres=0},1.30%,54.93%,0.023753764,1.484489,39,1.397761,0.13917392,0.03427065,0.00,1.08,1.00
"{Cheeks_pres=1,EyeAp_pres=1,Eyebrows_pres=0} ", {CA_pres=1},0.50%,68.18%,0.007360321,1.953935,15,2.046169,0.09902338,0.014285714,0.00,1.15,1.00
"{Body_pres=1,EyeAp_pres=1,Head_pres=1} ", {Cheeks_pres=1},1.41%,3.97%,0.353629977,1.466274,42,1.013159,0.14353879,0.038321168,0.00,1.08,1.00
"{Body_pres=0,EyeAp_pres=1,Head_pres=1} ", {Eyegaze_pres=0},0.90%,5.43%,0.166276347,1.746025,27,1.024545,0.12558683,0.047957371,0.00,1.13,1.00
"{Body_pres=1,CA_pres=1,Eyebrows_pres=0} ", {Cheeks_pres=1},0.60%,5.61%,0.107393777,2.069228,18,1.030697,0.11162911,0.046875,0.00,1.13,1.00
"{CA_pres=0,EyeAp_pres=1} ", {Eyegaze_pres=0},1.67%,4.34%,0.385747742,1.393746,50,1.012806,0.15269115,0.04180602,0.00,1.06,1.00
"{Body_pres=1,Eyebrows_pres=1,Eyegaze_pres=0} ", {EyeAp_pres=1},0.40%,100.00%,0.004014721,1.686795,12,      NA,0.08229222,0.006772009,0.00,1.09,1.00
"{Cheeks_pres=1,Eyebrows_pres=0} ", {Body_pres=1},1.14%,85.00%,0.013382402,1.349257,34,2.466823,0.12388644,0.017998941,0.00,1.06,1.00
"{CA_pres=0,Eyegaze_pres=0} ", {Eyebrows_pres=0},1.47%,65.67%,0.022415524,1.380398,44,1.527179,0.14254943,0.030449827,0.00,1.07,1.00
"{CA_pres=0,Cheeks_pres=0,Eyegaze_pres=0} ", {Eyebrows_pres=0},1.47%,65.67%,0.022415524,1.380398,44,1.527179,0.14254943,0.030449827,0.00,1.07,1.00
"{Eyegaze_pres=0,Head_pres=1} ", {Body_pres=0},1.30%,54.17%,0.024088324,1.463871,39,1.374494,0.13820406,0.034240562,0.00,1.08,1.00
"{CA_pres=0,Eyebrows_pres=0,Head_pres=0} ", {EyeAp_pres=0},2.84%,51.83%,0.054867849,1.272947,85,1.230707,0.19026185,0.06558642,0.00,1.05,1.00
"{CA_pres=0,Eyebrows_pres=1} ", {Head_pres=0},4.82%,15.35%,0.31381733,1.210727,144,1.031566,0.24151353,0.122762148,0.00,1.04,1.00
"{Body_pres=0,CA_pres=1,Head_pres=1} ", {EyeAp_pres=0},4.22%,49.41%,0.085312814,1.213572,126,1.171894,0.2261805,0.093610698,0.00,1.04,1.00
"{Cheeks_pres=1,EyeAp_pres=1} ", {Body_pres=1},1.41%,82.35%,0.017062563,1.307238,42,2.096799,0.13553112,0.022198732,0.00,1.05,1.00
"{Cheeks_pres=1,EyeAp_pres=1,Head_pres=1} ", {Body_pres=1},1.41%,82.35%,0.017062563,1.307238,42,2.096799,0.13553112,0.022198732,0.00,1.05,1.00
"{CA_pres=1,Eyebrows_pres=1,Head_pres=0} ", {Body_pres=0},0.90%,58.70%,0.015389762,1.586269,27,1.525206,0.11970362,0.024,0.00,1.08,1.00
"{Cheeks_pres=0,Eyebrows_pres=0} ", {Eyegaze_pres=0},1.91%,4.12%,0.462361994,1.325592,57,1.010566,0.1589935,0.040197461,0.00,1.06,1.00
"{EyeAp_pres=1,Eyebrows_pres=0,Head_pres=1} ", {Eyegaze_pres=0},1.07%,5.01%,0.213783874,1.609504,32,1.019964,0.13126776,0.045714286,0.00,1.10,1.00
"{EyeAp_pres=0,Eyegaze_pres=0,Head_pres=1} ", {Body_pres=0},0.40%,75.00%,0.005352961,2.026899,12,2.519906,0.09020772,0.010810811,0.00,1.20,1.00
"{CA_pres=0,Eyebrows_pres=0,Eyegaze_pres=0} ", {Body_pres=0},0.87%,59.09%,0.014720642,1.596951,26,1.539943,0.11786082,0.023131673,0.00,1.08,1.00
"{CA_pres=0,Cheeks_pres=0,Eyebrows_pres=0} ", {Eyegaze_pres=0},1.47%,4.46%,0.329876213,1.43423,44,1.014142,0.14530239,0.042512077,0.00,1.07,1.00
{Eyegaze_pres=0} , {Eyebrows_pres=0},1.94%,62.37%,0.031114085,1.310905,58,1.393022,0.1594912,0.039807824,0.00,1.05,1.00
{Eyebrows_pres=0} , {Eyegaze_pres=0},1.94%,4.08%,0.475744396,1.310905,58,1.010085,0.1594912,0.039807824,0.00,1.05,1.00
"{Body_pres=0,CA_pres=0,Head_pres=1} ", {Eyegaze_pres=0},1.04%,5.02%,0.206423553,1.614803,31,1.020141,0.12941292,0.045655376,0.00,1.11,1.00
"{Cheeks_pres=1,Eyebrows_pres=0,Head_pres=1} ", {Body_pres=1},1.10%,84.62%,0.013047842,1.343151,33,2.405152,0.12177453,0.017469561,0.00,1.06,1.00
"{Cheeks_pres=1,Eyebrows_pres=0,Eyegaze_pres=1} ", {Body_pres=1},1.10%,84.62%,0.013047842,1.343151,33,2.405152,0.12177453,0.017469561,0.00,1.06,1.00
"{Body_pres=0,Eyebrows_pres=0,Head_pres=0} ", {EyeAp_pres=0},2.21%,53.23%,0.041485447,1.307247,66,1.267452,0.16989782,0.051764706,0.00,1.05,1.00
"{Body_pres=1,CA_pres=1,Eyegaze_pres=0} ", {EyeAp_pres=1},0.50%,93.75%,0.005352961,1.58137,15,6.514553,0.08908394,0.008460237,0.00,1.07,1.00
"{Cheeks_pres=1,EyeAp_pres=1,Eyegaze_pres=1} ", {Body_pres=1},1.37%,82.00%,0.016728003,1.301636,41,2.055686,0.13362069,0.02167019,0.00,1.05,1.00
"{CA_pres=0,EyeAp_pres=1,Head_pres=0} ", {Eyegaze_pres=0},0.43%,7.30%,0.05955169,2.347288,13,1.045222,0.10103966,0.050387597,0.00,1.18,1.00
"{CA_pres=0,Eyegaze_pres=0} ", {Head_pres=0},0.57%,25.37%,0.022415524,2.001063,17,1.17009,0.10668219,0.03962704,0.00,1.13,1.00
"{CA_pres=0,Cheeks_pres=0,Eyegaze_pres=0} ", {Head_pres=0},0.57%,25.37%,0.022415524,2.001063,17,1.17009,0.10668219,0.03962704,0.00,1.13,1.00
"{Body_pres=1,Eyegaze_pres=0} ", {Eyebrows_pres=0},0.94%,70.00%,0.013382402,1.471378,28,1.747519,0.11740274,0.019525802,0.00,1.08,1.00
"{Cheeks_pres=0,Eyegaze_pres=0} ", {Eyebrows_pres=0},1.91%,61.96%,0.030779525,1.302307,57,1.378043,0.1575909,0.039121482,0.00,1.04,1.00
"{Cheeks_pres=1,EyeAp_pres=1,Eyebrows_pres=0} ", {Body_pres=1},0.67%,90.91%,0.007360321,1.443055,20,4.070258,0.09826379,0.01061008,0.00,1.05,1.00
"{Body_pres=0,Cheeks_pres=0,Head_pres=1} ", {Eyegaze_pres=0},1.30%,4.55%,0.286717966,1.462604,39,1.01508,0.13814422,0.042810099,0.00,1.05,1.00
"{Cheeks_pres=0,Eyebrows_pres=0,Eyegaze_pres=0} ", {Head_pres=0},0.50%,26.32%,0.019069923,2.075406,15,1.18506,0.10205499,0.035629454,0.00,1.15,1.00
"{CA_pres=1,Cheeks_pres=1} ", {Body_pres=1},0.97%,85.29%,0.011375042,1.353925,29,2.516159,0.11461287,0.015360169,0.00,1.04,1.00
"{CA_pres=1,Cheeks_pres=1,Head_pres=1} ", {Body_pres=1},0.97%,85.29%,0.011375042,1.353925,29,2.516159,0.11461287,0.015360169,0.00,1.04,1.00
"{CA_pres=1,EyeAp_pres=1,Head_pres=1} ", {Cheeks_pres=1},0.87%,4.49%,0.193710271,1.65705,26,1.018643,0.12005813,0.041009464,0.00,1.08,1.00
"{CA_pres=0,Eyebrows_pres=0} ", {Eyegaze_pres=0},1.47%,4.37%,0.337236534,1.402927,44,1.013109,0.143708,0.041627247,0.00,1.05,1.00
"{CA_pres=0,Eyebrows_pres=0,Head_pres=0} ", {Eyegaze_pres=0},0.40%,7.32%,0.054867849,2.351692,12,1.045377,0.09716679,0.048979592,0.00,1.09,1.00
"{Cheeks_pres=0,Eyegaze_pres=0} ", {Head_pres=0},0.70%,22.83%,0.030779525,1.800189,21,1.131473,0.11246199,0.046666667,0.00,1.11,1.00
"{Eyebrows_pres=0,Eyegaze_pres=0} ", {Head_pres=0},0.50%,25.86%,0.019404483,2.039623,15,1.177807,0.10117138,0.035545024,0.00,1.07,1.00
"{Cheeks_pres=0,Head_pres=0} ", {Eyegaze_pres=0},0.70%,5.56%,0.1264637,1.785544,21,1.025879,0.11200358,0.046666667,0.00,1.05,1.00
"{Body_pres=0,Eyegaze_pres=0} ", {Head_pres=0},0.47%,26.42%,0.017731683,2.083238,14,1.186659,0.09878034,0.033492823,0.00,1.08,1.00
"{Body_pres=0,Cheeks_pres=0,Eyegaze_pres=0} ", {Head_pres=0},0.47%,26.42%,0.017731683,2.083238,14,1.186659,0.09878034,0.033492823,0.00,1.08,1.00
"{Body_pres=1,Cheeks_pres=0,Eyegaze_pres=0} ", {Eyebrows_pres=0},0.90%,69.23%,0.013047842,1.455209,27,1.703831,0.11465201,0.018828452,0.00,1.04,1.00
{Eyegaze_pres=0} , {Head_pres=0},0.70%,22.58%,0.031114085,1.780832,21,1.127886,0.11185572,0.046563193,0.01,1.05,0.99
{Head_pres=0} , {Eyegaze_pres=0},0.70%,5.54%,0.12679826,1.780832,21,1.02572,0.11185572,0.046563193,0.01,1.05,0.99
"{CA_pres=0,Eyegaze_pres=0,Head_pres=0} ", {Body_pres=0},0.40%,70.59%,0.005687521,1.907669,12,2.14192,0.08751434,0.01080108,0.01,1.09,0.99
"{Eyebrows_pres=1,Eyegaze_pres=0,Head_pres=1} ", {Body_pres=0},0.60%,62.07%,0.009702242,1.677433,18,1.660847,0.10050691,0.016114593,0.01,1.06,0.99
"{Body_pres=0,Head_pres=1} ", {Eyegaze_pres=0},1.30%,4.47%,0.291736367,1.437445,39,1.014248,0.1369509,0.042116631,0.01,1.05,0.99
"{CA_pres=1,Eyebrows_pres=0,Head_pres=0} ", {EyeAp_pres=0},0.57%,68.00%,0.008364001,1.670107,17,1.852626,0.09746162,0.013877551,0.01,1.06,0.99
"{CA_pres=1,Cheeks_pres=1,Eyegaze_pres=1} ", {Body_pres=1},0.94%,84.85%,0.011040482,1.346851,28,2.442155,0.11232486,0.014830508,0.01,1.04,0.99
"{CA_pres=1,Eyebrows_pres=0,Head_pres=0} ", {Body_pres=0},0.54%,64.00%,0.008364001,1.72962,16,1.749935,0.09622156,0.014349776,0.01,1.07,0.99
"{Eyegaze_pres=0,Head_pres=0} ", {Body_pres=0},0.47%,66.67%,0.007025761,1.801688,14,1.88993,0.09186304,0.012578616,0.01,1.08,0.99
"{Cheeks_pres=0,Eyegaze_pres=0,Head_pres=0} ", {Body_pres=0},0.47%,66.67%,0.007025761,1.801688,14,1.88993,0.09186304,0.012578616,0.01,1.08,0.99
"{Body_pres=1,CA_pres=1,EyeAp_pres=1} ", {Cheeks_pres=1},0.74%,4.67%,0.157577785,1.723625,22,1.020571,0.11263405,0.041509434,0.01,1.05,0.99
"{Body_pres=0,CA_pres=0,Eyegaze_pres=0} ", {Head_pres=0},0.40%,27.91%,0.014386082,2.200896,12,1.211215,0.0939999,0.029268293,0.01,1.09,0.99
"{Body_pres=0,EyeAp_pres=1,Eyegaze_pres=0} ", {CA_pres=0},1.00%,85.71%,0.011709602,1.316547,30,2.442623,0.11495181,0.01537673,0.01,1.03,0.99
"{Body_pres=1,CA_pres=0,Eyegaze_pres=0} ", {Eyebrows_pres=0},0.60%,75.00%,0.008029441,1.576477,18,2.097022,0.09743547,0.012605042,0.01,1.06,0.99
"{CA_pres=0,Eyegaze_pres=0} ", {EyeAp_pres=1},1.67%,74.63%,0.022415524,1.258802,50,1.604688,0.14511114,0.027948575,0.01,1.02,0.99
"{CA_pres=0,Cheeks_pres=0,Eyegaze_pres=0} ", {EyeAp_pres=1},1.67%,74.63%,0.022415524,1.258802,50,1.604688,0.14511114,0.027948575,0.01,1.02,0.99
"{CA_pres=1,Eyegaze_pres=0,Head_pres=1} ", {EyeAp_pres=1},0.64%,86.36%,0.007360321,1.456777,19,2.985837,0.09622998,0.010704225,0.01,1.06,0.99
"{CA_pres=0,EyeAp_pres=1,Eyegaze_pres=0} ", {Eyebrows_pres=0},1.10%,66.00%,0.016728003,1.3873,33,1.541928,0.12375967,0.022932592,0.01,1.03,0.99
"{Eyebrows_pres=1,Eyegaze_pres=0,Head_pres=1} ", {EyeAp_pres=1},0.80%,82.76%,0.009702242,1.395968,24,2.361526,0.10587182,0.013505909,0.01,1.04,0.99
"{EyeAp_pres=1,Head_pres=0} ", {Eyegaze_pres=0},0.47%,6.42%,0.072934092,2.064023,14,1.035378,0.09832372,0.047138047,0.01,1.08,0.99
"{Cheeks_pres=0,EyeAp_pres=1,Head_pres=0} ", {Eyegaze_pres=0},0.47%,6.42%,0.072934092,2.064023,14,1.035378,0.09832372,0.047138047,0.01,1.08,0.99
"{Body_pres=0,CA_pres=1,Eyebrows_pres=0} ", {EyeAp_pres=0},1.67%,53.76%,0.031114085,1.320451,50,1.28219,0.14862205,0.03968254,0.01,1.02,0.99
"{CA_pres=0,Eyebrows_pres=0,Eyegaze_pres=0} ", {Head_pres=0},0.40%,27.27%,0.014720642,2.150876,12,1.200652,0.09292558,0.02919708,0.01,1.09,0.99
"{Body_pres=1,Eyebrows_pres=0,Head_pres=1} ", {Cheeks_pres=1},1.10%,3.97%,0.278019404,1.465392,33,1.013133,0.12719526,0.037542662,0.01,1.03,0.99
"{Body_pres=0,Eyebrows_pres=0,Eyegaze_pres=0} ", {CA_pres=0},0.87%,86.67%,0.010036802,1.331175,26,2.617096,0.10760719,0.013333333,0.01,1.04,0.99
"{Body_pres=1,EyeAp_pres=1,Head_pres=0} ", {Eyebrows_pres=1},1.87%,65.88%,0.028437605,1.256684,56,1.394423,0.15344193,0.035087719,0.01,1.02,0.99
"{CA_pres=0,EyeAp_pres=1,Eyegaze_pres=0} ", {Head_pres=0},0.43%,26.00%,0.016728003,2.050501,13,1.180002,0.09443625,0.03125,0.01,1.08,0.99
"{Body_pres=1,EyeAp_pres=1} ", {Cheeks_pres=1},1.41%,3.68%,0.382067581,1.357138,42,1.010048,0.13809366,0.035563082,0.01,1.02,0.99
"{Body_pres=1,EyeAp_pres=1,Eyegaze_pres=1} ", {Cheeks_pres=1},1.37%,3.70%,0.370357979,1.366712,41,1.01032,0.1369202,0.035745423,0.01,1.03,0.99
"{Body_pres=0,Eyegaze_pres=0} ", {CA_pres=0},1.44%,81.13%,0.017731683,1.246165,43,1.849415,0.13389338,0.02198364,0.01,1.02,0.99
"{Body_pres=0,Cheeks_pres=0,Eyegaze_pres=0} ", {CA_pres=0},1.44%,81.13%,0.017731683,1.246165,43,1.849415,0.13389338,0.02198364,0.01,1.02,0.99
"{CA_pres=0,Cheeks_pres=1,Eyebrows_pres=0} ", {EyeAp_pres=0},0.50%,68.18%,0.007360321,1.674572,15,1.863213,0.09167156,0.012254902,0.01,1.07,0.99
"{Body_pres=1,Eyebrows_pres=0,Eyegaze_pres=0} ", {EyeAp_pres=1},0.77%,82.14%,0.009367681,1.385581,23,2.280094,0.1032564,0.012943163,0.01,1.05,0.99
"{CA_pres=1,EyeAp_pres=0,Eyebrows_pres=1} ", {Body_pres=0},3.35%,44.64%,0.074941452,1.206487,100,1.138022,0.20090855,0.081300813,0.01,1.01,0.99
"{Body_pres=0,Eyebrows_pres=0,Eyegaze_pres=0} ", {Head_pres=0},0.30%,30.00%,0.010036802,2.365963,9,1.247431,0.08440385,0.0225,0.01,1.13,0.99
"{Body_pres=1,EyeAp_pres=1,Eyebrows_pres=0} ", {Eyegaze_pres=0},0.77%,5.08%,0.151555704,1.631821,23,1.02071,0.11205655,0.043977055,0.01,1.05,0.99
"{CA_pres=1,Eyegaze_pres=1,Head_pres=0} ", {Eyebrows_pres=1},1.51%,67.16%,0.022415524,1.281134,45,1.448858,0.13888029,0.028319698,0.01,1.02,0.99
"{Body_pres=0,Eyebrows_pres=0,Head_pres=1} ", {Eyegaze_pres=0},0.70%,5.22%,0.134493142,1.678944,21,1.022289,0.10860874,0.044303797,0.01,1.05,0.99
"{CA_pres=1,EyeAp_pres=1} ", {Cheeks_pres=1},0.87%,4.20%,0.207092673,1.549971,26,1.015557,0.11611425,0.038575668,0.01,1.04,0.99
"{Body_pres=1,CA_pres=1,Head_pres=1} ", {Cheeks_pres=1},0.97%,4.04%,0.239879558,1.492519,29,1.01391,0.12033609,0.037711313,0.01,1.00,0.99
"{Cheeks_pres=0,Eyebrows_pres=0,Eyegaze_pres=0} ", {Body_pres=0},1.00%,52.63%,0.019069923,1.422385,30,1.329951,0.11948304,0.026478376,0.01,1.00,0.99
"{Body_pres=1,CA_pres=0,Eyegaze_pres=0} ", {EyeAp_pres=1},0.67%,83.33%,0.008029441,1.405662,20,2.442958,0.09698231,0.011261261,0.01,1.00,0.99
"{Body_pres=1,Eyebrows_pres=0,Head_pres=0} ", {EyeAp_pres=0},1.20%,55.38%,0.021746403,1.360268,36,1.32878,0.12799722,0.028892456,0.01,1.00,0.99
"{CA_pres=0,EyeAp_pres=1,Eyebrows_pres=1} ", {Head_pres=0},3.31%,15.44%,0.214452994,1.218047,99,1.032698,0.20085682,0.107491857,0.01,1.00,0.99
"{CA_pres=0,Cheeks_pres=0,Head_pres=0} ", {Eyegaze_pres=0},0.57%,5.54%,0.102709936,1.779728,17,1.025683,0.10060933,0.044386423,0.01,1.00,0.99
"{Body_pres=0,Head_pres=0} ", {Eyegaze_pres=0},0.47%,5.98%,0.078287053,1.922893,14,1.030542,0.09490271,0.044728435,0.01,1.00,0.99
"{Body_pres=0,Cheeks_pres=0,Head_pres=0} ", {Eyegaze_pres=0},0.47%,5.98%,0.078287053,1.922893,14,1.030542,0.09490271,0.044728435,0.01,1.00,0.99
"{EyeAp_pres=0,Eyegaze_pres=0,Head_pres=0} ", {Body_pres=0},0.20%,85.71%,0.00234192,2.316456,6,4.409836,0.06819062,0.005420054,0.01,1.00,0.99
"{CA_pres=0,Head_pres=0} ", {Eyegaze_pres=0},0.57%,5.52%,0.103044496,1.773949,17,1.025487,0.10044587,0.044270833,0.01,1.00,0.99
"{Cheeks_pres=1,EyeAp_pres=1} ", {CA_pres=1},0.87%,50.98%,0.017062563,1.460982,26,1.32815,0.11273171,0.024344569,0.01,1.00,0.99
"{Cheeks_pres=1,EyeAp_pres=1,Head_pres=1} ", {CA_pres=1},0.87%,50.98%,0.017062563,1.460982,26,1.32815,0.11273171,0.024344569,0.01,1.00,0.99
"{Eyebrows_pres=0,Eyegaze_pres=0} ", {EyeAp_pres=1},1.44%,74.14%,0.019404483,1.250555,43,1.57435,0.13412897,0.024062675,0.01,1.00,0.99
"{CA_pres=1,EyeAp_pres=1,Eyegaze_pres=1} ", {Cheeks_pres=1},0.84%,4.17%,0.200401472,1.540118,25,1.015274,0.11349692,0.038167939,0.01,1.00,0.99
"{Cheeks_pres=0,EyeAp_pres=1,Eyegaze_pres=0} ", {Body_pres=0},1.17%,50.72%,0.023084644,1.370849,35,1.278482,0.12669688,0.030701754,0.01,1.00,0.99
"{EyeAp_pres=1,Eyegaze_pres=0} ", {Eyebrows_pres=0},1.44%,61.43%,0.023419204,1.29121,43,1.359181,0.13629177,0.029675638,0.01,1.00,0.99
"{Body_pres=1,Eyebrows_pres=0} ", {Cheeks_pres=1},1.14%,3.79%,0.299765808,1.40027,34,1.011275,0.1262067,0.036055143,0.01,1.00,0.99
"{CA_pres=0,Eyegaze_pres=0,Head_pres=1} ", {Eyebrows_pres=0},1.07%,64.00%,0.016728003,1.34526,32,1.456266,0.12000938,0.022222222,0.01,1.00,0.99
"{Body_pres=0,Eyebrows_pres=0,Head_pres=0} ", {Eyegaze_pres=0},0.30%,7.26%,0.041485447,2.332726,9,1.044712,0.08380891,0.043269231,0.01,1.00,0.99
"{Body_pres=0,CA_pres=0,Head_pres=0} ", {Eyegaze_pres=0},0.40%,6.28%,0.06390097,2.019254,12,1.033839,0.09003743,0.044117647,0.01,1.00,0.99
"{CA_pres=1,Eyebrows_pres=0,Head_pres=1} ", {Cheeks_pres=1},0.60%,4.63%,0.130143861,1.707512,18,1.020103,0.10140403,0.039823009,0.01,1.00,0.99
"{Body_pres=1,Cheeks_pres=1,EyeAp_pres=1} ", {CA_pres=1},0.74%,52.38%,0.014051522,1.501119,22,1.367213,0.10511287,0.020696143,0.01,1.00,0.99
"{CA_pres=1,Cheeks_pres=1,EyeAp_pres=1} ", {Body_pres=1},0.74%,84.62%,0.008698561,1.343151,22,2.405152,0.09942849,0.011658718,0.01,1.00,0.99
"{Body_pres=1,Eyebrows_pres=0,Head_pres=0} ", {Eyegaze_pres=0},0.20%,9.23%,0.021746403,2.966749,6,1.067417,0.07717082,0.039473684,0.01,1.00,0.99
"{Eyebrows_pres=0,Eyegaze_pres=0} ", {Body_pres=0},1.00%,51.72%,0.019404483,1.397861,30,1.304951,0.11844854,0.026455026,0.01,1.00,0.99
"{Body_pres=1,Eyebrows_pres=0,Eyegaze_pres=1} ", {Cheeks_pres=1},1.10%,3.80%,0.290398126,1.402927,33,1.011351,0.12445478,0.036026201,0.01,1.00,0.99
"{CA_pres=0,Cheeks_pres=1} ", {Body_pres=1},1.24%,78.72%,0.015724323,1.249624,37,1.73911,0.12437344,0.019545695,0.02,1.00,0.98
"{CA_pres=0,Cheeks_pres=1,Eyegaze_pres=1} ", {Body_pres=1},1.24%,78.72%,0.015724323,1.249624,37,1.73911,0.12437344,0.019545695,0.02,1.00,0.98
"{EyeAp_pres=1,Eyebrows_pres=0,Eyegaze_pres=0} ", {Head_pres=0},0.37%,25.58%,0.014386082,2.017488,11,1.173365,0.08616658,0.02676399,0.02,1.00,0.98
"{Body_pres=1,EyeAp_pres=1,Eyebrows_pres=0} ", {Cheeks_pres=1},0.67%,4.42%,0.151555704,1.629194,20,1.017838,0.10440911,0.038910506,0.02,1.00,0.98
"{Cheeks_pres=0,Eyebrows_pres=0,Eyegaze_pres=0} ", {EyeAp_pres=1},1.41%,73.68%,0.019069923,1.242901,42,1.547206,0.13215391,0.023503078,0.02,1.00,0.98
"{EyeAp_pres=1,Eyegaze_pres=0} ", {Body_pres=0},1.17%,50.00%,0.023419204,1.351266,35,1.259953,0.12578865,0.030674847,0.02,1.00,0.98
"{Cheeks_pres=0,EyeAp_pres=1,Eyegaze_pres=0} ", {Eyebrows_pres=0},1.41%,60.87%,0.023084644,1.279459,42,1.339764,0.13408338,0.028985507,0.02,1.00,0.98
"{Body_pres=1,CA_pres=1} ", {Cheeks_pres=1},0.97%,3.89%,0.24924724,1.436424,29,1.012306,0.11805309,0.036386449,0.02,1.00,0.98
"{EyeAp_pres=1,Eyegaze_pres=0,Head_pres=0} ", {Eyebrows_pres=0},0.37%,78.57%,0.004683841,1.651547,11,2.446526,0.07796126,0.007719298,0.02,1.00,0.98
"{EyeAp_pres=0,Eyebrows_pres=0,Eyegaze_pres=0} ", {Body_pres=0},0.33%,66.67%,0.005018401,1.801688,10,1.88993,0.07763844,0.0090009,0.02,1.00,0.98
"{Cheeks_pres=1,EyeAp_pres=1,Eyegaze_pres=1} ", {CA_pres=1},0.84%,50.00%,0.016728003,1.432886,25,1.302108,0.10947447,0.02340824,0.02,1.00,0.98
"{Body_pres=0,EyeAp_pres=0,Eyegaze_pres=0} ", {Head_pres=0},0.20%,33.33%,0.006022081,2.628848,6,1.309803,0.07264327,0.015345269,0.02,1.00,0.98
"{CA_pres=0,Cheeks_pres=1,Head_pres=1} ", {Body_pres=1},1.20%,78.26%,0.015389762,1.242282,36,1.702108,0.12232027,0.019017433,0.02,1.00,0.98
"{CA_pres=0,Cheeks_pres=1,Eyebrows_pres=1} ", {Body_pres=1},0.70%,84.00%,0.008364001,1.333383,21,2.312646,0.09678858,0.011128776,0.02,1.00,0.98
"{EyeAp_pres=0,Eyegaze_pres=0} ", {Head_pres=0},0.23%,30.43%,0.007694881,2.400252,7,1.255228,0.07497466,0.017721519,0.02,1.00,0.98
"{Cheeks_pres=0,EyeAp_pres=0,Eyegaze_pres=0} ", {Head_pres=0},0.23%,30.43%,0.007694881,2.400252,7,1.255228,0.07497466,0.017721519,0.02,1.00,0.98
"{Body_pres=1,Eyegaze_pres=0,Head_pres=1} ", {Eyebrows_pres=0},0.74%,66.67%,0.011040482,1.401313,22,1.572767,0.10155841,0.015352408,0.02,1.00,0.98
"{EyeAp_pres=1,Eyegaze_pres=0,Head_pres=0} ", {CA_pres=0},0.43%,92.86%,0.004683841,1.426259,13,4.885246,0.0787604,0.006676939,0.02,1.00,0.98
"{Eyebrows_pres=1,Eyegaze_pres=0} ", {EyeAp_pres=1},0.90%,77.14%,0.011709602,1.301242,27,1.781323,0.10841712,0.015168539,0.02,1.00,0.98
"{Cheeks_pres=0,Eyebrows_pres=1,Eyegaze_pres=0} ", {EyeAp_pres=1},0.90%,77.14%,0.011709602,1.301242,27,1.781323,0.10841712,0.015168539,0.02,1.00,0.98
"{CA_pres=0,Eyegaze_pres=0,Head_pres=1} ", {EyeAp_pres=1},1.24%,74.00%,0.016728003,1.248228,37,1.565998,0.12430393,0.020728291,0.02,1.00,0.98
"{CA_pres=0,Eyebrows_pres=0,Eyegaze_pres=0} ", {EyeAp_pres=1},1.10%,75.00%,0.014720642,1.265096,33,1.628638,0.1181832,0.018508132,0.02,1.00,0.98
"{EyeAp_pres=1,Eyegaze_pres=1,Head_pres=1} ", {Cheeks_pres=1},1.67%,3.34%,0.50117096,1.231683,50,1.006495,0.14353955,0.032701112,0.02,0.98,0.98
"{CA_pres=1,Head_pres=0} ", {Eyebrows_pres=1},1.54%,64.79%,0.023753764,1.235823,46,1.351114,0.13790949,0.028894472,0.02,0.98,0.98
"{CA_pres=1,Cheeks_pres=0,Head_pres=0} ", {Eyebrows_pres=1},1.54%,64.79%,0.023753764,1.235823,46,1.351114,0.13790949,0.028894472,0.02,0.98,0.98
"{Body_pres=1,Cheeks_pres=1,Eyebrows_pres=0} ", {CA_pres=1},0.60%,52.94%,0.011375042,1.517173,18,1.383489,0.09558525,0.016997167,0.02,1.00,0.98
"{Body_pres=1,EyeAp_pres=1,Eyegaze_pres=0} ", {Eyebrows_pres=0},0.77%,65.71%,0.011709602,1.381294,23,1.529079,0.10309652,0.016039052,0.02,1.00,0.98
"{Eyegaze_pres=0,Head_pres=0} ", {Eyebrows_pres=0},0.50%,71.43%,0.007025761,1.501406,15,1.834895,0.08680242,0.010504202,0.02,1.00,0.98
"{Cheeks_pres=0,Eyegaze_pres=0,Head_pres=0} ", {Eyebrows_pres=0},0.50%,71.43%,0.007025761,1.501406,15,1.834895,0.08680242,0.010504202,0.02,1.00,0.98
"{Body_pres=1,CA_pres=1,Eyegaze_pres=1} ", {Cheeks_pres=1},0.94%,3.84%,0.243894279,1.417331,28,1.011761,0.11522634,0.035805627,0.02,0.97,0.98
"{Body_pres=1,EyeAp_pres=0,Eyegaze_pres=0} ", {Eyebrows_pres=0},0.17%,100.00%,0.0016728,2.101969,5,      NA,0.05929734,0.003516174,0.02,1.00,0.98
"{Eyegaze_pres=0,Head_pres=1} ", {Eyebrows_pres=0},1.44%,59.72%,0.024088324,1.255343,43,1.3016,0.1343855,0.029634735,0.02,0.98,0.98
"{CA_pres=1,Eyebrows_pres=0} ", {Cheeks_pres=1},0.60%,4.35%,0.138507862,1.604402,18,1.017123,0.09829464,0.037735849,0.03,0.95,0.97
"{CA_pres=0,EyeAp_pres=1,Eyebrows_pres=0} ", {Head_pres=0},2.64%,15.43%,0.171294747,1.216869,79,1.032516,0.17933808,0.09729064,0.03,0.98,0.97
"{CA_pres=1,Cheeks_pres=1} ", {EyeAp_pres=1},0.87%,76.47%,0.011375042,1.289902,26,1.730428,0.10592587,0.014606742,0.03,0.96,0.97
"{CA_pres=1,Cheeks_pres=1,Head_pres=1} ", {EyeAp_pres=1},0.87%,76.47%,0.011375042,1.289902,26,1.730428,0.10592587,0.014606742,0.03,0.96,0.97
"{Eyebrows_pres=0,Eyegaze_pres=0,Head_pres=1} ", {EyeAp_pres=1},1.07%,74.42%,0.014386082,1.255289,32,1.591624,0.11592681,0.01794728,0.03,0.97,0.97
"{CA_pres=1,Cheeks_pres=1,Eyebrows_pres=0} ", {EyeAp_pres=1},0.50%,83.33%,0.006022081,1.405662,15,2.442958,0.08398914,0.008450704,0.03,1.00,0.97
"{Eyebrows_pres=1,Eyegaze_pres=0,Head_pres=0} ", {Body_pres=0},0.17%,83.33%,0.00200736,2.25211,5,3.779859,0.06137858,0.004516712,0.03,1.00,0.97
"{CA_pres=1,EyeAp_pres=0,Eyegaze_pres=0} ", {Body_pres=0},0.17%,83.33%,0.00200736,2.25211,5,3.779859,0.06137858,0.004516712,0.03,1.00,0.97
"{EyeAp_pres=1,Head_pres=1} ", {Cheeks_pres=1},1.71%,3.28%,0.519906323,1.211044,51,1.005913,0.14374812,0.03219697,0.03,0.98,0.97
"{Cheeks_pres=1,Eyebrows_pres=1} ", {Body_pres=1},1.07%,78.05%,0.013716962,1.238916,32,1.685662,0.11516828,0.016913319,0.03,0.97,0.97
"{Cheeks_pres=1,Eyebrows_pres=1,Head_pres=1} ", {Body_pres=1},1.07%,78.05%,0.013716962,1.238916,32,1.685662,0.11516828,0.016913319,0.03,0.97,0.97
"{Cheeks_pres=1,Eyebrows_pres=1,Eyegaze_pres=1} ", {Body_pres=1},1.07%,78.05%,0.013716962,1.238916,32,1.685662,0.11516828,0.016913319,0.03,0.97,0.97
"{CA_pres=1,EyeAp_pres=0,Eyegaze_pres=0} ", {Head_pres=0},0.10%,50.00%,0.00200736,3.943272,3,1.746403,0.06291092,0.007853403,0.03,1.00,0.97
"{Body_pres=0,CA_pres=1,Head_pres=0} ", {EyeAp_pres=0},0.80%,55.81%,0.014386082,1.370813,24,1.341691,0.10491358,0.019417476,0.03,0.96,0.97
"{Cheeks_pres=0,Eyegaze_pres=0,Head_pres=1} ", {Eyebrows_pres=0},1.41%,59.15%,0.023753764,1.243418,42,1.283522,0.13218139,0.028945555,0.03,0.98,0.97
"{Body_pres=1,CA_pres=0,Head_pres=1} ", {Cheeks_pres=1},1.20%,3.53%,0.341585815,1.301121,36,1.008458,0.12518351,0.033771107,0.03,0.95,0.97
"{Body_pres=1,EyeAp_pres=0,Head_pres=0} ", {Eyebrows_pres=0},1.20%,60.00%,0.020073603,1.261181,36,1.310639,0.1232472,0.024896266,0.03,0.97,0.97
"{CA_pres=1,Eyebrows_pres=0,Eyegaze_pres=1} ", {Cheeks_pres=1},0.57%,4.25%,0.133824021,1.568302,17,1.016084,0.09444444,0.036637931,0.04,0.94,0.96
"{Cheeks_pres=1,EyeAp_pres=0} ", {Body_pres=1},0.80%,80.00%,0.010036802,1.269888,24,1.850117,0.1009777,0.012705135,0.04,0.96,0.96
"{Cheeks_pres=1,EyeAp_pres=0,Eyegaze_pres=1} ", {Body_pres=1},0.80%,80.00%,0.010036802,1.269888,24,1.850117,0.1009777,0.012705135,0.04,0.96,0.96
"{CA_pres=1,Cheeks_pres=1,Eyegaze_pres=1} ", {EyeAp_pres=1},0.84%,75.76%,0.011040482,1.277875,25,1.679533,0.10338349,0.014044944,0.04,0.96,0.96
"{CA_pres=0,Cheeks_pres=1,EyeAp_pres=1} ", {Eyebrows_pres=1},0.60%,72.00%,0.008364001,1.373376,18,1.699087,0.09094273,0.011435832,0.04,0.95,0.96
"{EyeAp_pres=1,Eyebrows_pres=1,Eyegaze_pres=0} ", {Body_pres=0},0.50%,55.56%,0.009033121,1.501406,15,1.417447,0.08680242,0.013416816,0.04,0.94,0.96
"{Body_pres=0,Eyegaze_pres=0,Head_pres=1} ", {CA_pres=0},1.04%,79.49%,0.013047842,1.2209,31,1.701112,0.11252732,0.015864893,0.04,0.97,0.96
"{Body_pres=0,CA_pres=1,Cheeks_pres=1} ", {Eyebrows_pres=1},0.17%,100.00%,0.0016728,1.907466,5,      NA,0.05648726,0.00319081,0.04,1.00,0.96
"{CA_pres=1,Eyebrows_pres=0,Head_pres=0} ", {Eyegaze_pres=0},0.10%,12.00%,0.008364001,3.856774,3,1.101007,0.0622171,0.026086957,0.04,1.00,0.96
"{CA_pres=0,Cheeks_pres=1,EyeAp_pres=0} ", {Eyebrows_pres=0},0.50%,68.18%,0.007360321,1.433161,15,1.64766,0.08480669,0.010496851,0.04,0.94,0.96
"{CA_pres=1,Head_pres=1} ", {Cheeks_pres=1},1.14%,3.50%,0.325192372,1.290784,34,1.008166,0.12117228,0.033366045,0.04,0.94,0.96
"{Cheeks_pres=1,EyeAp_pres=0,Head_pres=1} ", {Body_pres=1},0.77%,79.31%,0.009702242,1.258941,23,1.788447,0.0984246,0.012175754,0.05,0.96,0.95
"{Body_pres=1,EyeAp_pres=1,Head_pres=0} ", {Eyegaze_pres=0},0.20%,7.06%,0.028437605,2.268691,6,1.042472,0.06748392,0.034883721,0.05,0.86,0.95
"{Body_pres=1,Eyebrows_pres=1,Head_pres=1} ", {Cheeks_pres=1},1.07%,3.53%,0.303445969,1.301918,32,1.008481,0.11806028,0.033472803,0.05,0.94,0.95
"{Cheeks_pres=0,EyeAp_pres=1,Eyegaze_pres=0} ", {Head_pres=0},0.47%,20.29%,0.023084644,1.600168,14,1.095471,0.08657328,0.032258065,0.05,0.88,0.95
"{CA_pres=1,Eyegaze_pres=0} ", {EyeAp_pres=1},0.67%,76.92%,0.008698561,1.297534,20,1.764358,0.09317759,0.011248594,0.05,0.95,0.95
"{CA_pres=0,Eyegaze_pres=0,Head_pres=0} ", {Eyebrows_pres=0},0.40%,70.59%,0.005687521,1.483743,12,1.782469,0.07718039,0.00840925,0.05,0.92,0.95
"{Body_pres=1,Eyegaze_pres=0,Head_pres=0} ", {Eyebrows_pres=0},0.20%,85.71%,0.00234192,1.801688,6,3.669789,0.06013848,0.004216444,0.05,1.00,0.95
"{Body_pres=1,CA_pres=1,Cheeks_pres=1} ", {EyeAp_pres=1},0.74%,75.86%,0.009702242,1.279637,22,1.686804,0.09704917,0.012366498,0.05,0.96,0.95
